timestamp,model,round,thread_id,prompt_index,prompt,status_code,success,error,latency_ms,reply_chars,cpu_pct_avg,ram_mb_avg,error_message
2026-03-29T00:08:01,llama3.2:1b,1,bench-llama3.2_1b-r1,1,"Merhaba, kisaca kendini tanit.",200,1,0,8799.35,849,8.6,87.41,
2026-03-29T00:08:09,llama3.2:1b,1,bench-llama3.2_1b-r1,2,Bugun icin 3 maddelik bir calisma plani olustur.,200,1,0,8245.7,953,12.15,115.82,
2026-03-29T00:08:14,llama3.2:1b,1,bench-llama3.2_1b-r1,3,Asagidaki metni tek cumlede ozetle: Yapay zeka arastirmasi hizla gelisiyor.,200,1,0,4435.08,485,11.8,142.7,
2026-03-29T00:08:18,llama3.2:1b,1,bench-llama3.2_1b-r1,4,Kisa bir tesekkur e-postasi taslagi yaz.,200,1,0,3923.05,407,14.35,136.62,
2026-03-29T00:08:33,llama3.2:1b,1,bench-llama3.2_1b-r1,5,Bir toplanti notu icin aksiyon maddeleri cikar.,200,1,0,14643.07,2,25.75,142.23,
2026-03-29T00:09:00,llama3.2:1b,1,bench-llama3.2_1b-r1,6,Bu cumleyi daha resmi yap: yarin goruselim.,200,1,0,27314.93,277,20.05,139.7,
2026-03-29T00:09:09,llama3.2:1b,1,bench-llama3.2_1b-r1,7,Asagidaki metni iki madde halinde ozetle: Proje gizlilik odakli ve yerelde calisir.,200,1,0,9076.86,181,10.85,133.51,
2026-03-29T00:09:12,llama3.2:1b,1,bench-llama3.2_1b-r1,8,"Python'da list comprehension nedir, bir ornek ver.",200,1,0,2647.63,94,13.05,182.98,
2026-03-29T00:09:14,llama3.2:1b,1,bench-llama3.2_1b-r1,9,Sana bir gorev verdigimde nasil adim adim ilerlersin?,200,1,0,1851.72,115,15.25,194.07,
2026-03-29T00:09:24,llama3.2:1b,1,bench-llama3.2_1b-r1,10,Kisa bir motivasyon mesaji yaz.,200,1,0,10490.7,114,15.45,185.23,
2026-03-29T00:09:29,llama3.2:1b,1,bench-llama3.2_1b-r1,11,Bir e-postayi nazikce reddeden cevap yaz.,200,1,0,4121.02,299,13.25,129.93,
2026-03-29T00:09:32,llama3.2:1b,1,bench-llama3.2_1b-r1,12,Ayni bilgiyi teknik olmayan birine anlat.,200,1,0,3159.26,86,10.6,82.41,
2026-03-29T00:09:37,llama3.2:1b,1,bench-llama3.2_1b-r1,13,"Asagidaki metinden anahtar kelimeleri cikar: yerel model, gizlilik, e-posta, ozet.",200,1,0,4831.41,283,9.1,79.5,
2026-03-29T00:09:42,llama3.2:1b,1,bench-llama3.2_1b-r1,14,Takim ici durum guncellemesi icin 4 satirlik metin yaz.,200,1,0,5264.68,369,11.15,75.49,
2026-03-29T00:09:47,llama3.2:1b,1,bench-llama3.2_1b-r1,15,Haftalik hedefleri takip etmek icin basit bir tablo oner.,200,1,0,4982.85,261,12.75,77.49,
2026-03-29T00:10:01,llama3.2:1b,1,bench-llama3.2_1b-r1,16,Asagidaki soruya tek paragrafla cevap ver: Neden cevrimdisi sistem?,200,1,0,13915.15,286,9.25,84.75,
2026-03-29T00:10:15,llama3.2:1b,1,bench-llama3.2_1b-r1,17,Bir kullanicidan eksik bilgi istemek icin kibar bir mesaj yaz.,200,1,0,13586.18,98,12.9,94.8,
2026-03-29T00:10:30,llama3.2:1b,1,bench-llama3.2_1b-r1,18,Bir fikri arti ve eksi yonleriyle degerlendir.,200,1,0,14972.17,203,15.1,80.49,
2026-03-29T00:10:44,llama3.2:1b,1,bench-llama3.2_1b-r1,19,Asagidaki metni daha acik yaz: Model secimi performansi etkiler.,200,1,0,13259.93,490,13.6,74.11,
2026-03-29T00:10:59,llama3.2:1b,1,bench-llama3.2_1b-r1,20,Bugunku isi bitirirken yarin icin kisa bir not birak.,200,1,0,15450.98,43,12.0,70.48,
2026-03-29T00:11:02,llama3.2:1b,2,bench-llama3.2_1b-r2,1,"Merhaba, kisaca kendini tanit.",200,1,0,2198.6,92,14.3,103.61,
2026-03-29T00:11:04,llama3.2:1b,2,bench-llama3.2_1b-r2,2,Bugun icin 3 maddelik bir calisma plani olustur.,200,1,0,2385.61,79,14.05,140.34,
2026-03-29T00:11:06,llama3.2:1b,2,bench-llama3.2_1b-r2,3,Asagidaki metni tek cumlede ozetle: Yapay zeka arastirmasi hizla gelisiyor.,200,1,0,2138.43,66,11.5,137.98,
2026-03-29T00:11:08,llama3.2:1b,2,bench-llama3.2_1b-r2,4,Kisa bir tesekkur e-postasi taslagi yaz.,200,1,0,1866.38,46,13.2,145.41,
2026-03-29T00:11:10,llama3.2:1b,2,bench-llama3.2_1b-r2,5,Bir toplanti notu icin aksiyon maddeleri cikar.,200,1,0,1936.45,54,14.25,150.54,
2026-03-29T00:11:12,llama3.2:1b,2,bench-llama3.2_1b-r2,6,Bu cumleyi daha resmi yap: yarin goruselim.,200,1,0,1771.48,33,13.0,138.17,
2026-03-29T00:11:14,llama3.2:1b,2,bench-llama3.2_1b-r2,7,Asagidaki metni iki madde halinde ozetle: Proje gizlilik odakli ve yerelde calisir.,200,1,0,1962.61,56,14.2,143.04,
2026-03-29T00:11:19,llama3.2:1b,2,bench-llama3.2_1b-r2,8,"Python'da list comprehension nedir, bir ornek ver.",200,1,0,5274.96,295,16.55,141.15,
2026-03-29T00:11:21,llama3.2:1b,2,bench-llama3.2_1b-r2,9,Sana bir gorev verdigimde nasil adim adim ilerlersin?,200,1,0,1938.56,49,16.15,136.77,
2026-03-29T00:11:24,llama3.2:1b,2,bench-llama3.2_1b-r2,10,Kisa bir motivasyon mesaji yaz.,200,1,0,2206.38,58,17.75,152.58,
2026-03-29T00:11:25,llama3.2:1b,2,bench-llama3.2_1b-r2,11,Bir e-postayi nazikce reddeden cevap yaz.,200,1,0,1787.98,21,21.35,154.45,
2026-03-29T00:11:28,llama3.2:1b,2,bench-llama3.2_1b-r2,12,Ayni bilgiyi teknik olmayan birine anlat.,200,1,0,2576.48,140,19.35,167.2,
2026-03-29T00:11:31,llama3.2:1b,2,bench-llama3.2_1b-r2,13,"Asagidaki metinden anahtar kelimeleri cikar: yerel model, gizlilik, e-posta, ozet.",200,1,0,2280.46,54,15.8,160.33,
2026-03-29T00:11:33,llama3.2:1b,2,bench-llama3.2_1b-r2,14,Takim ici durum guncellemesi icin 4 satirlik metin yaz.,200,1,0,2244.11,69,13.35,149.06,
2026-03-29T00:11:35,llama3.2:1b,2,bench-llama3.2_1b-r2,15,Haftalik hedefleri takip etmek icin basit bir tablo oner.,200,1,0,2368.58,99,16.35,170.54,
2026-03-29T00:11:38,llama3.2:1b,2,bench-llama3.2_1b-r2,16,Asagidaki soruya tek paragrafla cevap ver: Neden cevrimdisi sistem?,200,1,0,2481.87,112,12.55,174.79,
2026-03-29T00:11:41,llama3.2:1b,2,bench-llama3.2_1b-r2,17,Bir kullanicidan eksik bilgi istemek icin kibar bir mesaj yaz.,200,1,0,2661.32,143,11.1,177.81,
2026-03-29T00:11:43,llama3.2:1b,2,bench-llama3.2_1b-r2,18,Bir fikri arti ve eksi yonleriyle degerlendir.,200,1,0,2301.23,82,14.8,181.34,
2026-03-29T00:11:46,llama3.2:1b,2,bench-llama3.2_1b-r2,19,Asagidaki metni daha acik yaz: Model secimi performansi etkiler.,200,1,0,3124.14,208,18.35,180.52,
2026-03-29T00:11:49,llama3.2:1b,2,bench-llama3.2_1b-r2,20,Bugunku isi bitirirken yarin icin kisa bir not birak.,200,1,0,2540.2,83,18.05,178.88,
2026-03-29T00:12:00,llama3.2:1b,3,bench-llama3.2_1b-r3,1,"Merhaba, kisaca kendini tanit.",200,1,0,10740.56,55,15.55,138.53,
2026-03-29T00:12:02,llama3.2:1b,3,bench-llama3.2_1b-r3,2,Bugun icin 3 maddelik bir calisma plani olustur.,200,1,0,2488.85,47,13.35,116.62,
2026-03-29T00:12:11,llama3.2:1b,3,bench-llama3.2_1b-r3,3,Asagidaki metni tek cumlede ozetle: Yapay zeka arastirmasi hizla gelisiyor.,500,0,1,8511.27,0,6.45,62.59,[Errno 30] Read-only file system: '/path'
2026-03-29T00:12:19,llama3.2:1b,3,bench-llama3.2_1b-r3,4,Kisa bir tesekkur e-postasi taslagi yaz.,500,0,1,8478.51,0,0.0,53.0,[Errno 30] Read-only file system: '/path'
2026-03-29T00:12:23,llama3.2:1b,3,bench-llama3.2_1b-r3,5,Bir toplanti notu icin aksiyon maddeleri cikar.,200,1,0,3060.26,86,8.1,108.88,
2026-03-29T00:12:24,llama3.2:1b,3,bench-llama3.2_1b-r3,6,Bu cumleyi daha resmi yap: yarin goruselim.,200,1,0,1768.64,33,18.05,144.6,
2026-03-29T00:12:29,llama3.2:1b,3,bench-llama3.2_1b-r3,7,Asagidaki metni iki madde halinde ozetle: Proje gizlilik odakli ve yerelde calisir.,200,1,0,4974.81,73,18.05,141.58,
2026-03-29T00:12:33,llama3.2:1b,3,bench-llama3.2_1b-r3,8,"Python'da list comprehension nedir, bir ornek ver.",200,1,0,3825.0,86,17.6,144.6,
2026-03-29T00:12:40,llama3.2:1b,3,bench-llama3.2_1b-r3,9,Sana bir gorev verdigimde nasil adim adim ilerlersin?,200,1,0,6814.46,263,14.9,106.35,
2026-03-29T00:12:43,llama3.2:1b,3,bench-llama3.2_1b-r3,10,Kisa bir motivasyon mesaji yaz.,200,1,0,3061.37,111,11.8,106.75,
2026-03-29T00:12:48,llama3.2:1b,3,bench-llama3.2_1b-r3,11,Bir e-postayi nazikce reddeden cevap yaz.,200,1,0,4217.29,143,10.2,107.44,
2026-03-29T00:12:50,llama3.2:1b,3,bench-llama3.2_1b-r3,12,Ayni bilgiyi teknik olmayan birine anlat.,200,1,0,2661.43,66,11.9,109.04,
2026-03-29T00:12:54,llama3.2:1b,3,bench-llama3.2_1b-r3,13,"Asagidaki metinden anahtar kelimeleri cikar: yerel model, gizlilik, e-posta, ozet.",200,1,0,3783.14,86,14.05,161.66,
2026-03-29T00:12:57,llama3.2:1b,3,bench-llama3.2_1b-r3,14,Takim ici durum guncellemesi icin 4 satirlik metin yaz.,200,1,0,3153.51,161,14.95,169.68,
2026-03-29T00:13:04,llama3.2:1b,3,bench-llama3.2_1b-r3,15,Haftalik hedefleri takip etmek icin basit bir tablo oner.,200,1,0,6504.39,470,14.45,134.1,
2026-03-29T00:13:09,llama3.2:1b,3,bench-llama3.2_1b-r3,16,Asagidaki soruya tek paragrafla cevap ver: Neden cevrimdisi sistem?,200,1,0,4804.06,29,14.9,131.52,
2026-03-29T00:13:14,llama3.2:1b,3,bench-llama3.2_1b-r3,17,Bir kullanicidan eksik bilgi istemek icin kibar bir mesaj yaz.,200,1,0,4563.11,29,15.2,173.0,
2026-03-29T00:13:17,llama3.2:1b,3,bench-llama3.2_1b-r3,18,Bir fikri arti ve eksi yonleriyle degerlendir.,200,1,0,2839.97,104,12.7,177.75,
2026-03-29T00:13:19,llama3.2:1b,3,bench-llama3.2_1b-r3,19,Asagidaki metni daha acik yaz: Model secimi performansi etkiler.,200,1,0,2666.72,86,11.25,181.49,
2026-03-29T00:13:22,llama3.2:1b,3,bench-llama3.2_1b-r3,20,Bugunku isi bitirirken yarin icin kisa bir not birak.,200,1,0,2589.42,50,13.95,183.36,
2026-03-29T00:13:32,llama3.2:3b,1,bench-llama3.2_3b-r1,1,"Merhaba, kisaca kendini tanit.",200,1,0,10202.59,170,12.1,142.85,
2026-03-29T00:13:45,llama3.2:3b,1,bench-llama3.2_3b-r1,2,Bugun icin 3 maddelik bir calisma plani olustur.,500,0,1,13183.24,0,5.0,71.08,[Errno 13] Permission denied: '/Users/username'
2026-03-29T00:14:01,llama3.2:3b,1,bench-llama3.2_3b-r1,3,Asagidaki metni tek cumlede ozetle: Yapay zeka arastirmasi hizla gelisiyor.,200,1,0,15005.47,164,1.7,40.64,
2026-03-29T00:14:14,llama3.2:3b,1,bench-llama3.2_3b-r1,4,Kisa bir tesekkur e-postasi taslagi yaz.,200,1,0,12513.27,75,3.15,39.44,
2026-03-29T00:14:33,llama3.2:3b,1,bench-llama3.2_3b-r1,5,Bir toplanti notu icin aksiyon maddeleri cikar.,200,1,0,18799.22,213,2.7,39.33,
2026-03-29T00:14:39,llama3.2:3b,1,bench-llama3.2_3b-r1,6,Bu cumleyi daha resmi yap: yarin goruselim.,200,1,0,5939.85,107,5.75,50.99,
2026-03-29T00:14:55,llama3.2:3b,1,bench-llama3.2_3b-r1,7,Asagidaki metni iki madde halinde ozetle: Proje gizlilik odakli ve yerelde calisir.,500,0,1,15230.06,0,3.15,53.89,[Errno 13] Permission denied: '/Users/username'
2026-03-29T00:15:07,llama3.2:3b,1,bench-llama3.2_3b-r1,8,"Python'da list comprehension nedir, bir ornek ver.",200,1,0,12378.55,473,4.4,52.85,
2026-03-29T00:15:20,llama3.2:3b,1,bench-llama3.2_3b-r1,9,Sana bir gorev verdigimde nasil adim adim ilerlersin?,200,1,0,12644.22,335,9.2,64.86,
2026-03-29T00:15:41,llama3.2:3b,1,bench-llama3.2_3b-r1,10,Kisa bir motivasyon mesaji yaz.,200,1,0,19989.57,186,1.4,44.03,
2026-03-29T00:16:09,llama3.2:3b,1,bench-llama3.2_3b-r1,11,Bir e-postayi nazikce reddeden cevap yaz.,200,1,0,26940.95,198,5.6,48.2,
2026-03-29T00:16:18,llama3.2:3b,1,bench-llama3.2_3b-r1,12,Ayni bilgiyi teknik olmayan birine anlat.,200,1,0,9282.26,160,11.75,60.83,
2026-03-29T00:16:23,llama3.2:3b,1,bench-llama3.2_3b-r1,13,"Asagidaki metinden anahtar kelimeleri cikar: yerel model, gizlilik, e-posta, ozet.",200,1,0,5087.94,83,10.0,55.82,
2026-03-29T00:16:33,llama3.2:3b,1,bench-llama3.2_3b-r1,14,Takim ici durum guncellemesi icin 4 satirlik metin yaz.,200,1,0,9997.7,184,7.65,98.12,
2026-03-29T00:16:46,llama3.2:3b,1,bench-llama3.2_3b-r1,15,Haftalik hedefleri takip etmek icin basit bir tablo oner.,200,1,0,12013.16,264,6.25,95.53,
2026-03-29T00:16:56,llama3.2:3b,1,bench-llama3.2_3b-r1,16,Asagidaki soruya tek paragrafla cevap ver: Neden cevrimdisi sistem?,200,1,0,10283.52,238,7.4,66.21,
2026-03-29T00:17:06,llama3.2:3b,1,bench-llama3.2_3b-r1,17,Bir kullanicidan eksik bilgi istemek icin kibar bir mesaj yaz.,200,1,0,10263.78,190,7.1,61.71,
2026-03-29T00:17:18,llama3.2:3b,1,bench-llama3.2_3b-r1,18,Bir fikri arti ve eksi yonleriyle degerlendir.,200,1,0,11517.6,135,4.65,65.01,
2026-03-29T00:17:31,llama3.2:3b,1,bench-llama3.2_3b-r1,19,Asagidaki metni daha acik yaz: Model secimi performansi etkiler.,200,1,0,12564.93,558,8.45,72.47,
2026-03-29T00:17:40,llama3.2:3b,1,bench-llama3.2_3b-r1,20,Bugunku isi bitirirken yarin icin kisa bir not birak.,200,1,0,9252.9,78,8.2,75.59,
2026-03-29T00:17:50,llama3.2:3b,2,bench-llama3.2_3b-r2,1,"Merhaba, kisaca kendini tanit.",200,1,0,9766.06,581,8.9,75.41,
2026-03-29T00:18:09,llama3.2:3b,2,bench-llama3.2_3b-r2,2,Bugun icin 3 maddelik bir calisma plani olustur.,500,0,1,18435.13,0,3.7,58.42,[Errno 13] Permission denied: '/Users/Adem'
2026-03-29T00:18:18,llama3.2:3b,2,bench-llama3.2_3b-r2,3,Asagidaki metni tek cumlede ozetle: Yapay zeka arastirmasi hizla gelisiyor.,500,0,1,9290.21,0,0.0,44.26,[Errno 13] Permission denied: '/Users/Adem'
2026-03-29T00:18:35,llama3.2:3b,2,bench-llama3.2_3b-r2,4,Kisa bir tesekkur e-postasi taslagi yaz.,200,1,0,16446.46,314,2.55,52.2,
2026-03-29T00:18:51,llama3.2:3b,2,bench-llama3.2_3b-r2,5,Bir toplanti notu icin aksiyon maddeleri cikar.,200,1,0,15677.02,407,3.85,51.4,
2026-03-29T00:19:04,llama3.2:3b,2,bench-llama3.2_3b-r2,6,Bu cumleyi daha resmi yap: yarin goruselim.,200,1,0,12433.91,273,5.9,53.04,
2026-03-29T00:19:14,llama3.2:3b,2,bench-llama3.2_3b-r2,7,Asagidaki metni iki madde halinde ozetle: Proje gizlilik odakli ve yerelde calisir.,200,1,0,10178.46,101,5.8,56.97,
2026-03-29T00:19:30,llama3.2:3b,2,bench-llama3.2_3b-r2,8,"Python'da list comprehension nedir, bir ornek ver.",200,1,0,15434.34,445,6.05,51.3,
2026-03-29T00:19:39,llama3.2:3b,2,bench-llama3.2_3b-r2,9,Sana bir gorev verdigimde nasil adim adim ilerlersin?,500,0,1,8870.64,0,3.75,48.91,[Errno 13] Permission denied: '/Users/Adem'
2026-03-29T00:19:51,llama3.2:3b,2,bench-llama3.2_3b-r2,10,Kisa bir motivasyon mesaji yaz.,200,1,0,11683.88,163,4.25,54.14,
2026-03-29T00:20:07,llama3.2:3b,2,bench-llama3.2_3b-r2,11,Bir e-postayi nazikce reddeden cevap yaz.,200,1,0,15853.33,198,6.3,59.36,
2026-03-29T00:20:25,llama3.2:3b,2,bench-llama3.2_3b-r2,12,Ayni bilgiyi teknik olmayan birine anlat.,200,1,0,16692.95,170,2.4,44.72,
2026-03-29T00:20:35,llama3.2:3b,2,bench-llama3.2_3b-r2,13,"Asagidaki metinden anahtar kelimeleri cikar: yerel model, gizlilik, e-posta, ozet.",200,1,0,10039.41,61,3.5,45.55,
2026-03-29T00:20:48,llama3.2:3b,2,bench-llama3.2_3b-r2,14,Takim ici durum guncellemesi icin 4 satirlik metin yaz.,200,1,0,12671.81,172,6.65,55.53,
2026-03-29T00:21:06,llama3.2:3b,2,bench-llama3.2_3b-r2,15,Haftalik hedefleri takip etmek icin basit bir tablo oner.,200,1,0,17389.82,374,9.35,61.35,
2026-03-29T00:21:27,llama3.2:3b,2,bench-llama3.2_3b-r2,16,Asagidaki soruya tek paragrafla cevap ver: Neden cevrimdisi sistem?,200,1,0,21276.26,287,5.8,49.18,
2026-03-29T00:21:51,llama3.2:3b,2,bench-llama3.2_3b-r2,17,Bir kullanicidan eksik bilgi istemek icin kibar bir mesaj yaz.,200,1,0,23361.56,254,3.0,43.33,
2026-03-29T00:22:03,llama3.2:3b,2,bench-llama3.2_3b-r2,18,Bir fikri arti ve eksi yonleriyle degerlendir.,200,1,0,11673.7,214,4.6,106.3,
2026-03-29T00:22:28,llama3.2:3b,2,bench-llama3.2_3b-r2,19,Asagidaki metni daha acik yaz: Model secimi performansi etkiler.,200,1,0,24916.25,1276,8.2,125.83,
2026-03-29T00:23:21,llama3.2:3b,2,bench-llama3.2_3b-r2,20,Bugunku isi bitirirken yarin icin kisa bir not birak.,200,1,0,53816.39,150,6.85,73.62,
2026-03-29T00:23:28,llama3.2:3b,3,bench-llama3.2_3b-r3,1,"Merhaba, kisaca kendini tanit.",200,1,0,6262.61,235,7.95,73.43,
2026-03-29T00:23:43,llama3.2:3b,3,bench-llama3.2_3b-r3,2,Bugun icin 3 maddelik bir calisma plani olustur.,200,1,0,15114.24,354,8.3,74.34,
2026-03-29T00:23:53,llama3.2:3b,3,bench-llama3.2_3b-r3,3,Asagidaki metni tek cumlede ozetle: Yapay zeka arastirmasi hizla gelisiyor.,200,1,0,9485.1,72,9.1,101.64,
2026-03-29T00:24:00,llama3.2:3b,3,bench-llama3.2_3b-r3,4,Kisa bir tesekkur e-postasi taslagi yaz.,200,1,0,7848.61,143,8.65,147.65,
2026-03-29T00:24:16,llama3.2:3b,3,bench-llama3.2_3b-r3,5,Bir toplanti notu icin aksiyon maddeleri cikar.,200,1,0,15483.21,483,8.25,113.88,
2026-03-29T00:24:29,llama3.2:3b,3,bench-llama3.2_3b-r3,6,Bu cumleyi daha resmi yap: yarin goruselim.,200,1,0,13030.61,77,6.7,61.21,
2026-03-29T00:24:42,llama3.2:3b,3,bench-llama3.2_3b-r3,7,Asagidaki metni iki madde halinde ozetle: Proje gizlilik odakli ve yerelde calisir.,200,1,0,12730.06,65,6.55,51.41,
2026-03-29T00:25:02,llama3.2:3b,3,bench-llama3.2_3b-r3,8,"Python'da list comprehension nedir, bir ornek ver.",200,1,0,19940.56,508,6.25,50.89,
2026-03-29T00:25:19,llama3.2:3b,3,bench-llama3.2_3b-r3,9,Sana bir gorev verdigimde nasil adim adim ilerlersin?,200,1,0,15831.01,349,3.9,53.66,
2026-03-29T00:25:27,llama3.2:3b,3,bench-llama3.2_3b-r3,10,Kisa bir motivasyon mesaji yaz.,200,1,0,8213.69,66,7.25,125.8,
2026-03-29T00:25:37,llama3.2:3b,3,bench-llama3.2_3b-r3,11,Bir e-postayi nazikce reddeden cevap yaz.,200,1,0,10262.48,232,7.7,188.3,
2026-03-29T00:25:48,llama3.2:3b,3,bench-llama3.2_3b-r3,12,Ayni bilgiyi teknik olmayan birine anlat.,200,1,0,10238.35,121,7.35,174.64,
2026-03-29T00:25:57,llama3.2:3b,3,bench-llama3.2_3b-r3,13,"Asagidaki metinden anahtar kelimeleri cikar: yerel model, gizlilik, e-posta, ozet.",200,1,0,9790.78,94,7.55,162.75,
2026-03-29T00:26:10,llama3.2:3b,3,bench-llama3.2_3b-r3,14,Takim ici durum guncellemesi icin 4 satirlik metin yaz.,200,1,0,12339.71,115,6.85,117.42,
2026-03-29T00:26:24,llama3.2:3b,3,bench-llama3.2_3b-r3,15,Haftalik hedefleri takip etmek icin basit bir tablo oner.,200,1,0,14572.16,177,6.9,125.45,
2026-03-29T00:26:35,llama3.2:3b,3,bench-llama3.2_3b-r3,16,Asagidaki soruya tek paragrafla cevap ver: Neden cevrimdisi sistem?,200,1,0,10165.43,167,7.05,181.57,
2026-03-29T00:26:45,llama3.2:3b,3,bench-llama3.2_3b-r3,17,Bir kullanicidan eksik bilgi istemek icin kibar bir mesaj yaz.,200,1,0,10572.27,161,6.75,185.62,
2026-03-29T00:28:11,llama3.2:3b,3,bench-llama3.2_3b-r3,18,Bir fikri arti ve eksi yonleriyle degerlendir.,200,1,0,85360.73,306,6.95,124.3,
2026-03-29T00:29:18,llama3.2:3b,3,bench-llama3.2_3b-r3,19,Asagidaki metni daha acik yaz: Model secimi performansi etkiler.,200,1,0,67311.11,547,6.4,66.33,
2026-03-29T00:30:53,llama3.2:3b,3,bench-llama3.2_3b-r3,20,Bugunku isi bitirirken yarin icin kisa bir not birak.,200,1,0,94674.12,109,8.2,69.73,
2026-03-29T00:31:02,qwen2.5:3b,1,bench-qwen2.5_3b-r1,1,"Merhaba, kisaca kendini tanit.",200,1,0,8755.05,94,7.85,73.27,
2026-03-29T00:31:25,qwen2.5:3b,1,bench-qwen2.5_3b-r1,2,Bugun icin 3 maddelik bir calisma plani olustur.,200,1,0,22977.88,788,7.75,76.41,
2026-03-29T00:31:27,qwen2.5:3b,1,bench-qwen2.5_3b-r1,3,Asagidaki metni tek cumlede ozetle: Yapay zeka arastirmasi hizla gelisiyor.,200,1,0,2068.11,63,8.25,106.11,
2026-03-29T00:31:37,qwen2.5:3b,1,bench-qwen2.5_3b-r1,4,Kisa bir tesekkur e-postasi taslagi yaz.,200,1,0,9645.07,341,6.7,108.55,
2026-03-29T00:31:44,qwen2.5:3b,1,bench-qwen2.5_3b-r1,5,Bir toplanti notu icin aksiyon maddeleri cikar.,200,1,0,6846.55,116,8.05,107.98,
2026-03-29T00:31:51,qwen2.5:3b,1,bench-qwen2.5_3b-r1,6,Bu cumleyi daha resmi yap: yarin goruselim.,200,1,0,7273.5,373,7.65,115.86,
2026-03-29T00:31:59,qwen2.5:3b,1,bench-qwen2.5_3b-r1,7,Asagidaki metni iki madde halinde ozetle: Proje gizlilik odakli ve yerelde calisir.,200,1,0,8128.48,187,9.5,113.72,
2026-03-29T00:32:16,qwen2.5:3b,1,bench-qwen2.5_3b-r1,8,"Python'da list comprehension nedir, bir ornek ver.",200,1,0,16678.13,691,8.15,107.93,
2026-03-29T00:32:49,qwen2.5:3b,1,bench-qwen2.5_3b-r1,9,Sana bir gorev verdigimde nasil adim adim ilerlersin?,200,1,0,32547.48,1348,6.95,70.62,
2026-03-29T00:32:55,qwen2.5:3b,1,bench-qwen2.5_3b-r1,10,Kisa bir motivasyon mesaji yaz.,200,1,0,6608.94,212,6.8,66.99,
2026-03-29T00:33:01,qwen2.5:3b,1,bench-qwen2.5_3b-r1,11,Bir e-postayi nazikce reddeden cevap yaz.,200,1,0,5335.23,266,6.85,105.45,
2026-03-29T00:33:08,qwen2.5:3b,1,bench-qwen2.5_3b-r1,12,Ayni bilgiyi teknik olmayan birine anlat.,200,1,0,6628.92,275,6.85,106.37,
2026-03-29T00:33:14,qwen2.5:3b,1,bench-qwen2.5_3b-r1,13,"Asagidaki metinden anahtar kelimeleri cikar: yerel model, gizlilik, e-posta, ozet.",200,1,0,6032.92,214,6.55,103.91,
2026-03-29T00:33:30,qwen2.5:3b,1,bench-qwen2.5_3b-r1,14,Takim ici durum guncellemesi icin 4 satirlik metin yaz.,200,1,0,16223.67,723,7.1,97.01,
2026-03-29T00:33:55,qwen2.5:3b,1,bench-qwen2.5_3b-r1,15,Haftalik hedefleri takip etmek icin basit bir tablo oner.,200,1,0,24952.76,977,6.7,69.13,
2026-03-29T00:34:22,qwen2.5:3b,1,bench-qwen2.5_3b-r1,16,Asagidaki soruya tek paragrafla cevap ver: Neden cevrimdisi sistem?,200,1,0,26981.45,1079,6.85,67.95,
2026-03-29T00:34:28,qwen2.5:3b,1,bench-qwen2.5_3b-r1,17,Bir kullanicidan eksik bilgi istemek icin kibar bir mesaj yaz.,200,1,0,6008.68,231,5.95,92.73,
2026-03-29T00:34:50,qwen2.5:3b,1,bench-qwen2.5_3b-r1,18,Bir fikri arti ve eksi yonleriyle degerlendir.,200,1,0,22073.69,994,5.9,77.06,
2026-03-29T00:35:35,qwen2.5:3b,1,bench-qwen2.5_3b-r1,19,Asagidaki metni daha acik yaz: Model secimi performansi etkiler.,200,1,0,44819.3,692,6.15,67.14,
2026-03-29T00:36:17,qwen2.5:3b,1,bench-qwen2.5_3b-r1,20,Bugunku isi bitirirken yarin icin kisa bir not birak.,200,1,0,41716.41,518,7.35,72.98,
2026-03-29T00:36:25,qwen2.5:3b,2,bench-qwen2.5_3b-r2,1,"Merhaba, kisaca kendini tanit.",200,1,0,7832.8,168,7.5,71.29,
2026-03-29T00:36:42,qwen2.5:3b,2,bench-qwen2.5_3b-r2,2,Bugun icin 3 maddelik bir calisma plani olustur.,200,1,0,16612.88,708,6.35,69.84,
2026-03-29T00:36:45,qwen2.5:3b,2,bench-qwen2.5_3b-r2,3,Asagidaki metni tek cumlede ozetle: Yapay zeka arastirmasi hizla gelisiyor.,200,1,0,3348.13,41,6.25,108.84,
2026-03-29T00:36:52,qwen2.5:3b,2,bench-qwen2.5_3b-r2,4,Kisa bir tesekkur e-postasi taslagi yaz.,200,1,0,6797.81,201,7.2,95.55,
2026-03-29T00:37:00,qwen2.5:3b,2,bench-qwen2.5_3b-r2,5,Bir toplanti notu icin aksiyon maddeleri cikar.,200,1,0,7667.65,283,6.9,70.39,
2026-03-29T00:37:03,qwen2.5:3b,2,bench-qwen2.5_3b-r2,6,Bu cumleyi daha resmi yap: yarin goruselim.,200,1,0,3286.63,135,6.9,73.95,
2026-03-29T00:37:11,qwen2.5:3b,2,bench-qwen2.5_3b-r2,7,Asagidaki metni iki madde halinde ozetle: Proje gizlilik odakli ve yerelde calisir.,200,1,0,7804.02,202,7.85,111.59,
2026-03-29T00:37:30,qwen2.5:3b,2,bench-qwen2.5_3b-r2,8,"Python'da list comprehension nedir, bir ornek ver.",200,1,0,18726.67,773,8.2,110.59,
2026-03-29T00:38:17,qwen2.5:3b,2,bench-qwen2.5_3b-r2,9,Sana bir gorev verdigimde nasil adim adim ilerlersin?,200,1,0,46721.18,1074,3.65,63.3,
2026-03-29T00:38:32,qwen2.5:3b,2,bench-qwen2.5_3b-r2,10,Kisa bir motivasyon mesaji yaz.,200,1,0,14268.87,289,3.65,57.73,
2026-03-29T00:38:37,qwen2.5:3b,2,bench-qwen2.5_3b-r2,11,Bir e-postayi nazikce reddeden cevap yaz.,200,1,0,5186.02,229,5.95,105.35,
2026-03-29T00:38:47,qwen2.5:3b,2,bench-qwen2.5_3b-r2,12,Ayni bilgiyi teknik olmayan birine anlat.,200,1,0,9340.91,441,6.0,113.62,
2026-03-29T00:38:57,qwen2.5:3b,2,bench-qwen2.5_3b-r2,13,"Asagidaki metinden anahtar kelimeleri cikar: yerel model, gizlilik, e-posta, ozet.",200,1,0,9897.78,250,6.25,70.69,
2026-03-29T00:39:22,qwen2.5:3b,2,bench-qwen2.5_3b-r2,14,Takim ici durum guncellemesi icin 4 satirlik metin yaz.,200,1,0,25587.96,715,6.2,61.29,
2026-03-29T00:39:51,qwen2.5:3b,2,bench-qwen2.5_3b-r2,15,Haftalik hedefleri takip etmek icin basit bir tablo oner.,200,1,0,28596.31,1013,5.05,64.58,
2026-03-29T00:40:05,qwen2.5:3b,2,bench-qwen2.5_3b-r2,16,Asagidaki soruya tek paragrafla cevap ver: Neden cevrimdisi sistem?,200,1,0,13722.03,535,4.75,59.49,
2026-03-29T00:40:23,qwen2.5:3b,2,bench-qwen2.5_3b-r2,17,Bir kullanicidan eksik bilgi istemek icin kibar bir mesaj yaz.,200,1,0,17708.85,372,3.6,50.46,
2026-03-29T00:40:50,qwen2.5:3b,2,bench-qwen2.5_3b-r2,18,Bir fikri arti ve eksi yonleriyle degerlendir.,200,1,0,26517.43,852,4.15,57.67,
2026-03-29T00:41:12,qwen2.5:3b,2,bench-qwen2.5_3b-r2,19,Asagidaki metni daha acik yaz: Model secimi performansi etkiler.,200,1,0,22279.4,720,6.75,64.34,
2026-03-29T00:42:11,qwen2.5:3b,2,bench-qwen2.5_3b-r2,20,Bugunku isi bitirirken yarin icin kisa bir not birak.,200,1,0,58596.35,184,4.3,58.3,
2026-03-29T00:42:25,qwen2.5:3b,3,bench-qwen2.5_3b-r3,1,"Merhaba, kisaca kendini tanit.",200,1,0,13366.7,186,3.4,55.57,
2026-03-29T00:42:33,qwen2.5:3b,3,bench-qwen2.5_3b-r3,2,Bugun icin 3 maddelik bir calisma plani olustur.,200,1,0,7211.34,257,4.1,61.13,
2026-03-29T00:42:38,qwen2.5:3b,3,bench-qwen2.5_3b-r3,3,Asagidaki metni tek cumlede ozetle: Yapay zeka arastirmasi hizla gelisiyor.,200,1,0,4069.03,62,1.35,46.12,
2026-03-29T00:42:52,qwen2.5:3b,3,bench-qwen2.5_3b-r3,4,Kisa bir tesekkur e-postasi taslagi yaz.,200,1,0,13518.39,127,4.2,54.05,
2026-03-29T00:43:00,qwen2.5:3b,3,bench-qwen2.5_3b-r3,5,Bir toplanti notu icin aksiyon maddeleri cikar.,200,1,0,7901.61,224,5.95,62.42,
2026-03-29T00:43:04,qwen2.5:3b,3,bench-qwen2.5_3b-r3,6,Bu cumleyi daha resmi yap: yarin goruselim.,200,1,0,4699.19,152,7.25,96.36,
2026-03-29T00:43:13,qwen2.5:3b,3,bench-qwen2.5_3b-r3,7,Asagidaki metni iki madde halinde ozetle: Proje gizlilik odakli ve yerelde calisir.,200,1,0,8600.04,215,7.6,103.84,
2026-03-29T00:43:34,qwen2.5:3b,3,bench-qwen2.5_3b-r3,8,"Python'da list comprehension nedir, bir ornek ver.",200,1,0,20649.18,541,5.95,65.45,
2026-03-29T00:44:13,qwen2.5:3b,3,bench-qwen2.5_3b-r3,9,Sana bir gorev verdigimde nasil adim adim ilerlersin?,200,1,0,39049.14,1387,8.15,58.22,
2026-03-29T00:44:19,qwen2.5:3b,3,bench-qwen2.5_3b-r3,10,Kisa bir motivasyon mesaji yaz.,200,1,0,6215.44,235,11.4,89.08,
2026-03-29T00:44:33,qwen2.5:3b,3,bench-qwen2.5_3b-r3,11,Bir e-postayi nazikce reddeden cevap yaz.,200,1,0,13256.22,487,8.3,87.62,
2026-03-29T00:44:41,qwen2.5:3b,3,bench-qwen2.5_3b-r3,12,Ayni bilgiyi teknik olmayan birine anlat.,200,1,0,8298.82,325,8.0,59.59,
2026-03-29T00:44:47,qwen2.5:3b,3,bench-qwen2.5_3b-r3,13,"Asagidaki metinden anahtar kelimeleri cikar: yerel model, gizlilik, e-posta, ozet.",200,1,0,5558.08,166,7.5,61.93,
2026-03-29T00:45:07,qwen2.5:3b,3,bench-qwen2.5_3b-r3,14,Takim ici durum guncellemesi icin 4 satirlik metin yaz.,200,1,0,20417.38,686,6.8,61.31,
2026-03-29T00:45:52,qwen2.5:3b,3,bench-qwen2.5_3b-r3,15,Haftalik hedefleri takip etmek icin basit bir tablo oner.,200,1,0,44133.58,723,1.95,47.27,
2026-03-29T00:46:30,qwen2.5:3b,3,bench-qwen2.5_3b-r3,16,Asagidaki soruya tek paragrafla cevap ver: Neden cevrimdisi sistem?,200,1,0,38255.38,1107,3.35,47.7,
2026-03-29T00:46:49,qwen2.5:3b,3,bench-qwen2.5_3b-r3,17,Bir kullanicidan eksik bilgi istemek icin kibar bir mesaj yaz.,200,1,0,18380.65,456,5.5,52.52,
2026-03-29T00:47:13,qwen2.5:3b,3,bench-qwen2.5_3b-r3,18,Bir fikri arti ve eksi yonleriyle degerlendir.,200,1,0,23541.58,512,5.5,54.95,
2026-03-29T00:47:30,qwen2.5:3b,3,bench-qwen2.5_3b-r3,19,Asagidaki metni daha acik yaz: Model secimi performansi etkiler.,200,1,0,16742.89,418,6.35,58.72,
2026-03-29T00:47:57,qwen2.5:3b,3,bench-qwen2.5_3b-r3,20,Bugunku isi bitirirken yarin icin kisa bir not birak.,200,1,0,26219.03,315,0.05,39.9,
2026-03-29T00:48:04,qwen2.5:0.5b,1,bench-qwen2.5_0.5b-r1,1,"Merhaba, kisaca kendini tanit.",200,1,0,6354.51,40,4.55,97.58,
2026-03-29T00:48:05,qwen2.5:0.5b,1,bench-qwen2.5_0.5b-r1,2,Bugun icin 3 maddelik bir calisma plani olustur.,200,1,0,830.0,130,14.85,162.26,
2026-03-29T00:48:06,qwen2.5:0.5b,1,bench-qwen2.5_0.5b-r1,3,Asagidaki metni tek cumlede ozetle: Yapay zeka arastirmasi hizla gelisiyor.,200,1,0,1167.67,145,21.9,168.4,
2026-03-29T00:48:09,qwen2.5:0.5b,1,bench-qwen2.5_0.5b-r1,4,Kisa bir tesekkur e-postasi taslagi yaz.,200,1,0,2863.47,508,17.35,161.23,
2026-03-29T00:48:10,qwen2.5:0.5b,1,bench-qwen2.5_0.5b-r1,5,Bir toplanti notu icin aksiyon maddeleri cikar.,200,1,0,962.4,74,16.3,164.73,
2026-03-29T00:48:13,qwen2.5:0.5b,1,bench-qwen2.5_0.5b-r1,6,Bu cumleyi daha resmi yap: yarin goruselim.,200,1,0,2502.43,220,14.2,121.61,
2026-03-29T00:48:16,qwen2.5:0.5b,1,bench-qwen2.5_0.5b-r1,7,Asagidaki metni iki madde halinde ozetle: Proje gizlilik odakli ve yerelde calisir.,200,1,0,2686.14,379,12.3,97.27,
2026-03-29T00:48:30,qwen2.5:0.5b,1,bench-qwen2.5_0.5b-r1,8,"Python'da list comprehension nedir, bir ornek ver.",200,1,0,13875.58,1475,17.7,97.74,
2026-03-29T00:48:32,qwen2.5:0.5b,1,bench-qwen2.5_0.5b-r1,9,Sana bir gorev verdigimde nasil adim adim ilerlersin?,200,1,0,2102.57,144,18.1,108.57,
2026-03-29T00:48:34,qwen2.5:0.5b,1,bench-qwen2.5_0.5b-r1,10,Kisa bir motivasyon mesaji yaz.,200,1,0,1693.02,159,17.15,115.68,
2026-03-29T00:48:35,qwen2.5:0.5b,1,bench-qwen2.5_0.5b-r1,11,Bir e-postayi nazikce reddeden cevap yaz.,200,1,0,1063.35,84,22.1,109.84,
2026-03-29T00:48:43,qwen2.5:0.5b,1,bench-qwen2.5_0.5b-r1,12,Ayni bilgiyi teknik olmayan birine anlat.,200,1,0,7558.98,750,20.65,105.15,
2026-03-29T00:48:47,qwen2.5:0.5b,1,bench-qwen2.5_0.5b-r1,13,"Asagidaki metinden anahtar kelimeleri cikar: yerel model, gizlilik, e-posta, ozet.",200,1,0,3662.24,423,20.55,110.74,
2026-03-29T00:48:48,qwen2.5:0.5b,1,bench-qwen2.5_0.5b-r1,14,Takim ici durum guncellemesi icin 4 satirlik metin yaz.,200,1,0,1270.5,144,21.15,150.9,
2026-03-29T00:48:49,qwen2.5:0.5b,1,bench-qwen2.5_0.5b-r1,15,Haftalik hedefleri takip etmek icin basit bir tablo oner.,200,1,0,719.56,92,21.95,155.38,
2026-03-29T00:48:50,qwen2.5:0.5b,1,bench-qwen2.5_0.5b-r1,16,Asagidaki soruya tek paragrafla cevap ver: Neden cevrimdisi sistem?,200,1,0,699.91,84,21.45,158.23,
2026-03-29T00:48:50,qwen2.5:0.5b,1,bench-qwen2.5_0.5b-r1,17,Bir kullanicidan eksik bilgi istemek icin kibar bir mesaj yaz.,200,1,0,460.2,61,22.75,160.5,
2026-03-29T00:48:51,qwen2.5:0.5b,1,bench-qwen2.5_0.5b-r1,18,Bir fikri arti ve eksi yonleriyle degerlendir.,200,1,0,1064.83,144,20.8,162.88,
2026-03-29T00:48:52,qwen2.5:0.5b,1,bench-qwen2.5_0.5b-r1,19,Asagidaki metni daha acik yaz: Model secimi performansi etkiler.,200,1,0,659.19,84,21.6,164.41,
2026-03-29T00:48:53,qwen2.5:0.5b,1,bench-qwen2.5_0.5b-r1,20,Bugunku isi bitirirken yarin icin kisa bir not birak.,200,1,0,659.14,84,24.95,164.64,
2026-03-29T00:48:53,qwen2.5:0.5b,2,bench-qwen2.5_0.5b-r2,1,"Merhaba, kisaca kendini tanit.",200,1,0,273.05,40,24.4,165.63,
2026-03-29T00:49:06,qwen2.5:0.5b,2,bench-qwen2.5_0.5b-r2,2,Bugun icin 3 maddelik bir calisma plani olustur.,200,1,0,12688.84,1503,18.4,115.69,
2026-03-29T00:49:16,qwen2.5:0.5b,2,bench-qwen2.5_0.5b-r2,3,Asagidaki metni tek cumlede ozetle: Yapay zeka arastirmasi hizla gelisiyor.,200,1,0,9316.54,859,8.0,62.01,
2026-03-29T00:49:20,qwen2.5:0.5b,2,bench-qwen2.5_0.5b-r2,4,Kisa bir tesekkur e-postasi taslagi yaz.,200,1,0,3568.78,213,6.15,60.33,
2026-03-29T00:49:34,qwen2.5:0.5b,2,bench-qwen2.5_0.5b-r2,5,Bir toplanti notu icin aksiyon maddeleri cikar.,200,1,0,13843.8,763,10.45,62.45,
2026-03-29T00:49:37,qwen2.5:0.5b,2,bench-qwen2.5_0.5b-r2,6,Bu cumleyi daha resmi yap: yarin goruselim.,200,1,0,2621.72,179,13.6,63.64,
2026-03-29T00:49:38,qwen2.5:0.5b,2,bench-qwen2.5_0.5b-r2,7,Asagidaki metni iki madde halinde ozetle: Proje gizlilik odakli ve yerelde calisir.,200,1,0,1229.8,113,14.55,101.23,
2026-03-29T00:49:52,qwen2.5:0.5b,2,bench-qwen2.5_0.5b-r2,8,"Python'da list comprehension nedir, bir ornek ver.",200,1,0,13904.78,1101,17.95,103.55,
2026-03-29T00:49:56,qwen2.5:0.5b,2,bench-qwen2.5_0.5b-r2,9,Sana bir gorev verdigimde nasil adim adim ilerlersin?,200,1,0,3710.26,431,17.5,106.88,
2026-03-29T00:49:59,qwen2.5:0.5b,2,bench-qwen2.5_0.5b-r2,10,Kisa bir motivasyon mesaji yaz.,200,1,0,3184.76,323,17.75,146.05,
2026-03-29T00:50:04,qwen2.5:0.5b,2,bench-qwen2.5_0.5b-r2,11,Bir e-postayi nazikce reddeden cevap yaz.,200,1,0,5139.27,399,17.5,110.55,
2026-03-29T00:50:09,qwen2.5:0.5b,2,bench-qwen2.5_0.5b-r2,12,Ayni bilgiyi teknik olmayan birine anlat.,200,1,0,4543.63,399,16.15,105.66,
2026-03-29T00:50:15,qwen2.5:0.5b,2,bench-qwen2.5_0.5b-r2,13,"Asagidaki metinden anahtar kelimeleri cikar: yerel model, gizlilik, e-posta, ozet.",200,1,0,6347.66,784,17.2,142.06,
2026-03-29T00:50:28,qwen2.5:0.5b,2,bench-qwen2.5_0.5b-r2,14,Takim ici durum guncellemesi icin 4 satirlik metin yaz.,200,1,0,13097.06,1559,18.25,113.11,
2026-03-29T00:50:38,qwen2.5:0.5b,2,bench-qwen2.5_0.5b-r2,15,Haftalik hedefleri takip etmek icin basit bir tablo oner.,200,1,0,9183.72,1185,14.85,123.62,
2026-03-29T00:50:50,qwen2.5:0.5b,2,bench-qwen2.5_0.5b-r2,16,Asagidaki soruya tek paragrafla cevap ver: Neden cevrimdisi sistem?,200,1,0,12622.63,1169,20.25,175.7,
2026-03-29T00:50:58,qwen2.5:0.5b,2,bench-qwen2.5_0.5b-r2,17,Bir kullanicidan eksik bilgi istemek icin kibar bir mesaj yaz.,200,1,0,7123.42,317,24.5,185.84,
2026-03-29T00:51:04,qwen2.5:0.5b,2,bench-qwen2.5_0.5b-r2,18,Bir fikri arti ve eksi yonleriyle degerlendir.,200,1,0,6072.11,281,23.05,181.57,
2026-03-29T00:51:06,qwen2.5:0.5b,2,bench-qwen2.5_0.5b-r2,19,Asagidaki metni daha acik yaz: Model secimi performansi etkiler.,200,1,0,1969.23,294,24.1,176.83,
2026-03-29T00:51:08,qwen2.5:0.5b,2,bench-qwen2.5_0.5b-r2,20,Bugunku isi bitirirken yarin icin kisa bir not birak.,200,1,0,2000.59,313,25.4,180.7,
2026-03-29T00:51:09,qwen2.5:0.5b,3,bench-qwen2.5_0.5b-r3,1,"Merhaba, kisaca kendini tanit.",200,1,0,688.82,40,21.8,183.5,
2026-03-29T00:51:13,qwen2.5:0.5b,3,bench-qwen2.5_0.5b-r3,2,Bugun icin 3 maddelik bir calisma plani olustur.,200,1,0,4756.31,678,21.85,184.27,
2026-03-29T00:51:15,qwen2.5:0.5b,3,bench-qwen2.5_0.5b-r3,3,Asagidaki metni tek cumlede ozetle: Yapay zeka arastirmasi hizla gelisiyor.,200,1,0,1295.62,181,22.65,185.05,
2026-03-29T00:51:16,qwen2.5:0.5b,3,bench-qwen2.5_0.5b-r3,4,Kisa bir tesekkur e-postasi taslagi yaz.,200,1,0,1622.15,235,23.75,185.52,
2026-03-29T00:51:18,qwen2.5:0.5b,3,bench-qwen2.5_0.5b-r3,5,Bir toplanti notu icin aksiyon maddeleri cikar.,200,1,0,1733.26,256,24.6,185.12,
2026-03-29T00:51:20,qwen2.5:0.5b,3,bench-qwen2.5_0.5b-r3,6,Bu cumleyi daha resmi yap: yarin goruselim.,200,1,0,1706.45,254,20.4,186.17,
2026-03-29T00:51:22,qwen2.5:0.5b,3,bench-qwen2.5_0.5b-r3,7,Asagidaki metni iki madde halinde ozetle: Proje gizlilik odakli ve yerelde calisir.,200,1,0,2303.99,345,19.05,185.06,
2026-03-29T00:51:30,qwen2.5:0.5b,3,bench-qwen2.5_0.5b-r3,8,"Python'da list comprehension nedir, bir ornek ver.",200,1,0,7751.82,1252,24.45,185.89,
2026-03-29T00:51:32,qwen2.5:0.5b,3,bench-qwen2.5_0.5b-r3,9,Sana bir gorev verdigimde nasil adim adim ilerlersin?,200,1,0,1236.64,131,21.05,187.1,
2026-03-29T00:51:34,qwen2.5:0.5b,3,bench-qwen2.5_0.5b-r3,10,Kisa bir motivasyon mesaji yaz.,200,1,0,2346.27,364,20.55,186.98,
2026-03-29T00:51:37,qwen2.5:0.5b,3,bench-qwen2.5_0.5b-r3,11,Bir e-postayi nazikce reddeden cevap yaz.,200,1,0,2848.33,384,23.7,185.05,
2026-03-29T00:51:40,qwen2.5:0.5b,3,bench-qwen2.5_0.5b-r3,12,Ayni bilgiyi teknik olmayan birine anlat.,200,1,0,2912.17,381,22.0,185.25,
2026-03-29T00:51:43,qwen2.5:0.5b,3,bench-qwen2.5_0.5b-r3,13,"Asagidaki metinden anahtar kelimeleri cikar: yerel model, gizlilik, e-posta, ozet.",200,1,0,3352.67,433,24.9,186.21,
2026-03-29T00:51:47,qwen2.5:0.5b,3,bench-qwen2.5_0.5b-r3,14,Takim ici durum guncellemesi icin 4 satirlik metin yaz.,200,1,0,3692.35,463,23.6,188.04,
2026-03-29T00:51:55,qwen2.5:0.5b,3,bench-qwen2.5_0.5b-r3,15,Haftalik hedefleri takip etmek icin basit bir tablo oner.,200,1,0,8248.52,1016,24.35,188.08,
2026-03-29T00:52:03,qwen2.5:0.5b,3,bench-qwen2.5_0.5b-r3,16,Asagidaki soruya tek paragrafla cevap ver: Neden cevrimdisi sistem?,200,1,0,7958.03,957,24.2,179.64,
2026-03-29T00:52:12,qwen2.5:0.5b,3,bench-qwen2.5_0.5b-r3,17,Bir kullanicidan eksik bilgi istemek icin kibar bir mesaj yaz.,200,1,0,8320.79,1016,21.7,172.48,
2026-03-29T00:52:20,qwen2.5:0.5b,3,bench-qwen2.5_0.5b-r3,18,Bir fikri arti ve eksi yonleriyle degerlendir.,200,1,0,8024.98,987,23.25,163.98,
2026-03-29T00:52:32,qwen2.5:0.5b,3,bench-qwen2.5_0.5b-r3,19,Asagidaki metni daha acik yaz: Model secimi performansi etkiler.,200,1,0,12384.87,998,23.65,164.02,
2026-03-29T00:52:46,qwen2.5:0.5b,3,bench-qwen2.5_0.5b-r3,20,Bugunku isi bitirirken yarin icin kisa bir not birak.,200,1,0,12940.74,998,23.9,166.93,
2026-03-29T00:53:01,qwen2.5:1.5b,1,bench-qwen2.5_1.5b-r1,1,"Merhaba, kisaca kendini tanit.",200,1,0,15581.41,40,18.1,145.79,
2026-03-29T00:53:02,qwen2.5:1.5b,1,bench-qwen2.5_1.5b-r1,2,Bugun icin 3 maddelik bir calisma plani olustur.,200,1,0,1256.61,132,12.4,138.12,
2026-03-29T00:53:03,qwen2.5:1.5b,1,bench-qwen2.5_1.5b-r1,3,Asagidaki metni tek cumlede ozetle: Yapay zeka arastirmasi hizla gelisiyor.,200,1,0,915.37,65,12.15,151.11,
2026-03-29T00:53:05,qwen2.5:1.5b,1,bench-qwen2.5_1.5b-r1,4,Kisa bir tesekkur e-postasi taslagi yaz.,200,1,0,1109.51,84,14.05,160.14,
2026-03-29T00:53:07,qwen2.5:1.5b,1,bench-qwen2.5_1.5b-r1,5,Bir toplanti notu icin aksiyon maddeleri cikar.,200,1,0,2191.41,130,14.65,152.52,
2026-03-29T00:53:08,qwen2.5:1.5b,1,bench-qwen2.5_1.5b-r1,6,Bu cumleyi daha resmi yap: yarin goruselim.,200,1,0,825.91,40,12.95,155.37,
2026-03-29T00:53:09,qwen2.5:1.5b,1,bench-qwen2.5_1.5b-r1,7,Asagidaki metni iki madde halinde ozetle: Proje gizlilik odakli ve yerelde calisir.,200,1,0,1363.36,67,13.3,168.59,
2026-03-29T00:53:21,qwen2.5:1.5b,1,bench-qwen2.5_1.5b-r1,8,"Python'da list comprehension nedir, bir ornek ver.",200,1,0,11937.93,1071,15.4,130.52,
2026-03-29T00:53:23,qwen2.5:1.5b,1,bench-qwen2.5_1.5b-r1,9,Sana bir gorev verdigimde nasil adim adim ilerlersin?,200,1,0,1935.32,143,17.25,127.2,
2026-03-29T00:53:27,qwen2.5:1.5b,1,bench-qwen2.5_1.5b-r1,10,Kisa bir motivasyon mesaji yaz.,200,1,0,3106.03,216,14.6,153.77,
2026-03-29T00:53:29,qwen2.5:1.5b,1,bench-qwen2.5_1.5b-r1,11,Bir e-postayi nazikce reddeden cevap yaz.,200,1,0,2412.73,166,14.2,136.02,
2026-03-29T00:53:32,qwen2.5:1.5b,1,bench-qwen2.5_1.5b-r1,12,Ayni bilgiyi teknik olmayan birine anlat.,200,1,0,2650.92,190,15.85,165.87,
2026-03-29T00:53:35,qwen2.5:1.5b,1,bench-qwen2.5_1.5b-r1,13,"Asagidaki metinden anahtar kelimeleri cikar: yerel model, gizlilik, e-posta, ozet.",200,1,0,2802.61,242,15.75,128.33,
2026-03-29T00:53:40,qwen2.5:1.5b,1,bench-qwen2.5_1.5b-r1,14,Takim ici durum guncellemesi icin 4 satirlik metin yaz.,200,1,0,5721.95,431,17.1,127.54,
2026-03-29T00:53:47,qwen2.5:1.5b,1,bench-qwen2.5_1.5b-r1,15,Haftalik hedefleri takip etmek icin basit bir tablo oner.,200,1,0,6155.71,472,17.75,164.73,
2026-03-29T00:53:52,qwen2.5:1.5b,1,bench-qwen2.5_1.5b-r1,16,Asagidaki soruya tek paragrafla cevap ver: Neden cevrimdisi sistem?,200,1,0,5789.38,438,16.95,163.61,
2026-03-29T00:53:54,qwen2.5:1.5b,1,bench-qwen2.5_1.5b-r1,17,Bir kullanicidan eksik bilgi istemek icin kibar bir mesaj yaz.,200,1,0,1924.01,145,15.55,164.62,
2026-03-29T00:53:57,qwen2.5:1.5b,1,bench-qwen2.5_1.5b-r1,18,Bir fikri arti ve eksi yonleriyle degerlendir.,200,1,0,2492.82,211,14.1,137.4,
2026-03-29T00:54:01,qwen2.5:1.5b,1,bench-qwen2.5_1.5b-r1,19,Asagidaki metni daha acik yaz: Model secimi performansi etkiler.,200,1,0,3468.52,313,13.6,131.08,
2026-03-29T00:54:05,qwen2.5:1.5b,1,bench-qwen2.5_1.5b-r1,20,Bugunku isi bitirirken yarin icin kisa bir not birak.,200,1,0,4662.43,335,12.8,156.94,
2026-03-29T00:54:06,qwen2.5:1.5b,2,bench-qwen2.5_1.5b-r2,1,"Merhaba, kisaca kendini tanit.",200,1,0,660.89,43,14.8,162.02,
2026-03-29T00:54:09,qwen2.5:1.5b,2,bench-qwen2.5_1.5b-r2,2,Bugun icin 3 maddelik bir calisma plani olustur.,200,1,0,2937.78,218,16.25,159.83,
2026-03-29T00:54:10,qwen2.5:1.5b,2,bench-qwen2.5_1.5b-r2,3,Asagidaki metni tek cumlede ozetle: Yapay zeka arastirmasi hizla gelisiyor.,200,1,0,1137.87,59,16.55,155.82,
2026-03-29T00:54:13,qwen2.5:1.5b,2,bench-qwen2.5_1.5b-r2,4,Kisa bir tesekkur e-postasi taslagi yaz.,200,1,0,2216.13,165,17.35,159.02,
2026-03-29T00:54:16,qwen2.5:1.5b,2,bench-qwen2.5_1.5b-r2,5,Bir toplanti notu icin aksiyon maddeleri cikar.,200,1,0,3344.18,256,16.75,162.4,
2026-03-29T00:54:18,qwen2.5:1.5b,2,bench-qwen2.5_1.5b-r2,6,Bu cumleyi daha resmi yap: yarin goruselim.,200,1,0,1619.49,114,16.1,165.88,
2026-03-29T00:54:19,qwen2.5:1.5b,2,bench-qwen2.5_1.5b-r2,7,Asagidaki metni iki madde halinde ozetle: Proje gizlilik odakli ve yerelde calisir.,200,1,0,1365.26,85,15.7,164.01,
2026-03-29T00:54:32,qwen2.5:1.5b,2,bench-qwen2.5_1.5b-r2,8,"Python'da list comprehension nedir, bir ornek ver.",200,1,0,12730.92,1056,14.65,122.93,
2026-03-29T00:55:16,qwen2.5:1.5b,2,bench-qwen2.5_1.5b-r2,9,Sana bir gorev verdigimde nasil adim adim ilerlersin?,200,1,0,43938.19,2022,14.6,78.73,
2026-03-29T00:55:31,qwen2.5:1.5b,2,bench-qwen2.5_1.5b-r2,10,Kisa bir motivasyon mesaji yaz.,200,1,0,15105.93,354,9.5,73.07,
2026-03-29T00:55:58,qwen2.5:1.5b,2,bench-qwen2.5_1.5b-r2,11,Bir e-postayi nazikce reddeden cevap yaz.,200,1,0,26401.82,1034,3.25,66.16,
2026-03-29T00:56:26,qwen2.5:1.5b,2,bench-qwen2.5_1.5b-r2,12,Ayni bilgiyi teknik olmayan birine anlat.,200,1,0,27924.62,1042,4.8,66.74,
2026-03-29T00:56:36,qwen2.5:1.5b,2,bench-qwen2.5_1.5b-r2,13,"Asagidaki metinden anahtar kelimeleri cikar: yerel model, gizlilik, e-posta, ozet.",200,1,0,9442.69,432,8.4,110.7,
2026-03-29T00:56:43,qwen2.5:1.5b,2,bench-qwen2.5_1.5b-r2,14,Takim ici durum guncellemesi icin 4 satirlik metin yaz.,200,1,0,7378.23,316,9.2,126.31,
2026-03-29T00:57:02,qwen2.5:1.5b,2,bench-qwen2.5_1.5b-r2,15,Haftalik hedefleri takip etmek icin basit bir tablo oner.,200,1,0,18726.05,689,9.45,117.83,
2026-03-29T00:57:10,qwen2.5:1.5b,2,bench-qwen2.5_1.5b-r2,16,Asagidaki soruya tek paragrafla cevap ver: Neden cevrimdisi sistem?,200,1,0,7702.13,356,9.65,119.94,
2026-03-29T00:57:15,qwen2.5:1.5b,2,bench-qwen2.5_1.5b-r2,17,Bir kullanicidan eksik bilgi istemek icin kibar bir mesaj yaz.,200,1,0,5621.22,194,8.05,88.23,
2026-03-29T00:57:22,qwen2.5:1.5b,2,bench-qwen2.5_1.5b-r2,18,Bir fikri arti ve eksi yonleriyle degerlendir.,200,1,0,6840.21,334,7.1,119.45,
2026-03-29T00:57:55,qwen2.5:1.5b,2,bench-qwen2.5_1.5b-r2,19,Asagidaki metni daha acik yaz: Model secimi performansi etkiler.,200,1,0,32795.01,1512,8.15,112.99,
2026-03-29T00:58:22,qwen2.5:1.5b,2,bench-qwen2.5_1.5b-r2,20,Bugunku isi bitirirken yarin icin kisa bir not birak.,200,1,0,26205.01,443,11.45,72.01,
2026-03-29T00:58:28,qwen2.5:1.5b,3,bench-qwen2.5_1.5b-r3,1,"Merhaba, kisaca kendini tanit.",200,1,0,6318.53,217,13.3,107.46,
2026-03-29T00:58:31,qwen2.5:1.5b,3,bench-qwen2.5_1.5b-r3,2,Bugun icin 3 maddelik bir calisma plani olustur.,200,1,0,3290.59,220,12.3,132.34,
2026-03-29T00:58:33,qwen2.5:1.5b,3,bench-qwen2.5_1.5b-r3,3,Asagidaki metni tek cumlede ozetle: Yapay zeka arastirmasi hizla gelisiyor.,200,1,0,2004.39,86,12.45,100.74,
2026-03-29T00:58:40,qwen2.5:1.5b,3,bench-qwen2.5_1.5b-r3,4,Kisa bir tesekkur e-postasi taslagi yaz.,200,1,0,6983.99,299,8.7,64.15,
2026-03-29T00:58:48,qwen2.5:1.5b,3,bench-qwen2.5_1.5b-r3,5,Bir toplanti notu icin aksiyon maddeleri cikar.,200,1,0,7439.21,219,6.0,76.41,
2026-03-29T00:58:49,qwen2.5:1.5b,3,bench-qwen2.5_1.5b-r3,6,Bu cumleyi daha resmi yap: yarin goruselim.,200,1,0,1212.37,25,4.8,111.9,
2026-03-29T00:58:52,qwen2.5:1.5b,3,bench-qwen2.5_1.5b-r3,7,Asagidaki metni iki madde halinde ozetle: Proje gizlilik odakli ve yerelde calisir.,200,1,0,2719.72,86,4.4,137.78,
2026-03-29T00:59:12,qwen2.5:1.5b,3,bench-qwen2.5_1.5b-r3,8,"Python'da list comprehension nedir, bir ornek ver.",200,1,0,20093.5,809,6.9,102.3,
2026-03-29T00:59:31,qwen2.5:1.5b,3,bench-qwen2.5_1.5b-r3,9,Sana bir gorev verdigimde nasil adim adim ilerlersin?,200,1,0,19103.07,867,8.65,63.08,
2026-03-29T00:59:33,qwen2.5:1.5b,3,bench-qwen2.5_1.5b-r3,10,Kisa bir motivasyon mesaji yaz.,200,1,0,1753.97,70,8.25,102.77,
2026-03-29T00:59:35,qwen2.5:1.5b,3,bench-qwen2.5_1.5b-r3,11,Bir e-postayi nazikce reddeden cevap yaz.,200,1,0,1438.34,59,7.9,143.78,
2026-03-29T00:59:38,qwen2.5:1.5b,3,bench-qwen2.5_1.5b-r3,12,Ayni bilgiyi teknik olmayan birine anlat.,200,1,0,2783.95,110,5.3,150.8,
2026-03-29T00:59:40,qwen2.5:1.5b,3,bench-qwen2.5_1.5b-r3,13,"Asagidaki metinden anahtar kelimeleri cikar: yerel model, gizlilik, e-posta, ozet.",200,1,0,2028.62,45,3.75,155.88,
2026-03-29T00:59:48,qwen2.5:1.5b,3,bench-qwen2.5_1.5b-r3,14,Takim ici durum guncellemesi icin 4 satirlik metin yaz.,200,1,0,8176.12,379,5.85,114.8,
2026-03-29T01:00:04,qwen2.5:1.5b,3,bench-qwen2.5_1.5b-r3,15,Haftalik hedefleri takip etmek icin basit bir tablo oner.,200,1,0,16555.22,632,7.05,72.13,
2026-03-29T01:00:13,qwen2.5:1.5b,3,bench-qwen2.5_1.5b-r3,16,Asagidaki soruya tek paragrafla cevap ver: Neden cevrimdisi sistem?,200,1,0,7842.82,256,7.45,65.93,
2026-03-29T01:00:17,qwen2.5:1.5b,3,bench-qwen2.5_1.5b-r3,17,Bir kullanicidan eksik bilgi istemek icin kibar bir mesaj yaz.,200,1,0,3932.63,185,6.2,63.41,
2026-03-29T01:00:21,qwen2.5:1.5b,3,bench-qwen2.5_1.5b-r3,18,Bir fikri arti ve eksi yonleriyle degerlendir.,200,1,0,4669.29,205,6.95,99.97,
2026-03-29T01:00:24,qwen2.5:1.5b,3,bench-qwen2.5_1.5b-r3,19,Asagidaki metni daha acik yaz: Model secimi performansi etkiler.,200,1,0,2697.13,120,5.65,107.14,
2026-03-29T01:00:28,qwen2.5:1.5b,3,bench-qwen2.5_1.5b-r3,20,Bugunku isi bitirirken yarin icin kisa bir not birak.,200,1,0,3651.4,105,4.3,68.64,
2026-03-29T01:00:33,qwen2.5-coder:0.5b,1,bench-qwen2.5-coder_0.5b-r1,1,"Merhaba, kisaca kendini tanit.",200,1,0,4887.97,69,9.5,123.75,
2026-03-29T01:00:34,qwen2.5-coder:0.5b,1,bench-qwen2.5-coder_0.5b-r1,2,Bugun icin 3 maddelik bir calisma plani olustur.,200,1,0,619.01,69,14.6,192.37,
2026-03-29T01:00:35,qwen2.5-coder:0.5b,1,bench-qwen2.5-coder_0.5b-r1,3,Asagidaki metni tek cumlede ozetle: Yapay zeka arastirmasi hizla gelisiyor.,200,1,0,907.98,84,17.25,200.68,
2026-03-29T01:00:36,qwen2.5-coder:0.5b,1,bench-qwen2.5-coder_0.5b-r1,4,Kisa bir tesekkur e-postasi taslagi yaz.,200,1,0,1660.33,182,18.8,202.06,
2026-03-29T01:00:38,qwen2.5-coder:0.5b,1,bench-qwen2.5-coder_0.5b-r1,5,Bir toplanti notu icin aksiyon maddeleri cikar.,200,1,0,1165.87,100,15.55,196.28,
2026-03-29T01:00:42,qwen2.5-coder:0.5b,1,bench-qwen2.5-coder_0.5b-r1,6,Bu cumleyi daha resmi yap: yarin goruselim.,200,1,0,4150.31,175,9.1,130.19,
2026-03-29T01:00:44,qwen2.5-coder:0.5b,1,bench-qwen2.5-coder_0.5b-r1,7,Asagidaki metni iki madde halinde ozetle: Proje gizlilik odakli ve yerelde calisir.,200,1,0,2317.95,85,5.65,110.36,
2026-03-29T01:00:49,qwen2.5-coder:0.5b,1,bench-qwen2.5-coder_0.5b-r1,8,"Python'da list comprehension nedir, bir ornek ver.",200,1,0,4070.44,286,8.35,147.1,
2026-03-29T01:00:49,qwen2.5-coder:0.5b,1,bench-qwen2.5-coder_0.5b-r1,9,Sana bir gorev verdigimde nasil adim adim ilerlersin?,200,1,0,658.67,29,10.15,151.16,
2026-03-29T01:00:53,qwen2.5-coder:0.5b,1,bench-qwen2.5-coder_0.5b-r1,10,Kisa bir motivasyon mesaji yaz.,200,1,0,3609.32,185,9.65,124.11,
2026-03-29T01:00:57,qwen2.5-coder:0.5b,1,bench-qwen2.5-coder_0.5b-r1,11,Bir e-postayi nazikce reddeden cevap yaz.,200,1,0,3547.56,183,7.35,120.88,
2026-03-29T01:00:59,qwen2.5-coder:0.5b,1,bench-qwen2.5-coder_0.5b-r1,12,Ayni bilgiyi teknik olmayan birine anlat.,200,1,0,2824.53,183,9.1,149.86,
2026-03-29T01:01:01,qwen2.5-coder:0.5b,1,bench-qwen2.5-coder_0.5b-r1,13,"Asagidaki metinden anahtar kelimeleri cikar: yerel model, gizlilik, e-posta, ozet.",200,1,0,1139.55,69,10.5,152.78,
2026-03-29T01:01:03,qwen2.5-coder:0.5b,1,bench-qwen2.5-coder_0.5b-r1,14,Takim ici durum guncellemesi icin 4 satirlik metin yaz.,200,1,0,2151.27,131,9.7,153.12,
2026-03-29T01:01:05,qwen2.5-coder:0.5b,1,bench-qwen2.5-coder_0.5b-r1,15,Haftalik hedefleri takip etmek icin basit bir tablo oner.,200,1,0,2596.37,130,6.95,155.25,
2026-03-29T01:01:08,qwen2.5-coder:0.5b,1,bench-qwen2.5-coder_0.5b-r1,16,Asagidaki soruya tek paragrafla cevap ver: Neden cevrimdisi sistem?,200,1,0,2562.13,130,7.35,157.5,
2026-03-29T01:01:10,qwen2.5-coder:0.5b,1,bench-qwen2.5-coder_0.5b-r1,17,Bir kullanicidan eksik bilgi istemek icin kibar bir mesaj yaz.,200,1,0,2032.89,130,9.0,157.68,
2026-03-29T01:01:12,qwen2.5-coder:0.5b,1,bench-qwen2.5-coder_0.5b-r1,18,Bir fikri arti ve eksi yonleriyle degerlendir.,200,1,0,1870.77,130,10.8,133.85,
2026-03-29T01:01:14,qwen2.5-coder:0.5b,1,bench-qwen2.5-coder_0.5b-r1,19,Asagidaki metni daha acik yaz: Model secimi performansi etkiler.,200,1,0,1545.68,130,11.85,122.91,
2026-03-29T01:01:16,qwen2.5-coder:0.5b,1,bench-qwen2.5-coder_0.5b-r1,20,Bugunku isi bitirirken yarin icin kisa bir not birak.,200,1,0,2189.5,130,11.85,138.38,
2026-03-29T01:01:17,qwen2.5-coder:0.5b,2,bench-qwen2.5-coder_0.5b-r2,1,"Merhaba, kisaca kendini tanit.",200,1,0,615.28,52,14.0,114.12,
2026-03-29T01:01:18,qwen2.5-coder:0.5b,2,bench-qwen2.5-coder_0.5b-r2,2,Bugun icin 3 maddelik bir calisma plani olustur.,200,1,0,866.39,90,16.15,114.01,
2026-03-29T01:01:19,qwen2.5-coder:0.5b,2,bench-qwen2.5-coder_0.5b-r2,3,Asagidaki metni tek cumlede ozetle: Yapay zeka arastirmasi hizla gelisiyor.,200,1,0,726.05,68,16.35,144.12,
2026-03-29T01:01:20,qwen2.5-coder:0.5b,2,bench-qwen2.5-coder_0.5b-r2,4,Kisa bir tesekkur e-postasi taslagi yaz.,200,1,0,1003.22,142,16.6,145.69,
2026-03-29T01:01:20,qwen2.5-coder:0.5b,2,bench-qwen2.5-coder_0.5b-r2,5,Bir toplanti notu icin aksiyon maddeleri cikar.,200,1,0,597.83,75,17.35,146.96,
2026-03-29T01:01:21,qwen2.5-coder:0.5b,2,bench-qwen2.5-coder_0.5b-r2,6,Bu cumleyi daha resmi yap: yarin goruselim.,200,1,0,620.17,84,18.45,149.97,
2026-03-29T01:01:23,qwen2.5-coder:0.5b,2,bench-qwen2.5-coder_0.5b-r2,7,Asagidaki metni iki madde halinde ozetle: Proje gizlilik odakli ve yerelde calisir.,200,1,0,1067.43,85,11.6,103.79,
2026-03-29T01:01:25,qwen2.5-coder:0.5b,2,bench-qwen2.5-coder_0.5b-r2,8,"Python'da list comprehension nedir, bir ornek ver.",200,1,0,1721.33,69,3.8,97.6,
2026-03-29T01:01:28,qwen2.5-coder:0.5b,2,bench-qwen2.5-coder_0.5b-r2,9,Sana bir gorev verdigimde nasil adim adim ilerlersin?,200,1,0,2774.76,80,3.9,135.96,
2026-03-29T01:01:31,qwen2.5-coder:0.5b,2,bench-qwen2.5-coder_0.5b-r2,10,Kisa bir motivasyon mesaji yaz.,200,1,0,2915.42,142,4.75,141.53,
2026-03-29T01:01:32,qwen2.5-coder:0.5b,2,bench-qwen2.5-coder_0.5b-r2,11,Bir e-postayi nazikce reddeden cevap yaz.,200,1,0,1411.22,89,7.15,148.61,
2026-03-29T01:01:33,qwen2.5-coder:0.5b,2,bench-qwen2.5-coder_0.5b-r2,12,Ayni bilgiyi teknik olmayan birine anlat.,200,1,0,1317.32,84,7.65,148.74,
2026-03-29T01:01:35,qwen2.5-coder:0.5b,2,bench-qwen2.5-coder_0.5b-r2,13,"Asagidaki metinden anahtar kelimeleri cikar: yerel model, gizlilik, e-posta, ozet.",200,1,0,1571.23,68,7.95,139.57,
2026-03-29T01:01:37,qwen2.5-coder:0.5b,2,bench-qwen2.5-coder_0.5b-r2,14,Takim ici durum guncellemesi icin 4 satirlik metin yaz.,200,1,0,1404.46,84,7.55,107.87,
2026-03-29T01:01:39,qwen2.5-coder:0.5b,2,bench-qwen2.5-coder_0.5b-r2,15,Haftalik hedefleri takip etmek icin basit bir tablo oner.,200,1,0,1814.5,85,7.6,87.5,
2026-03-29T01:01:40,qwen2.5-coder:0.5b,2,bench-qwen2.5-coder_0.5b-r2,16,Asagidaki soruya tek paragrafla cevap ver: Neden cevrimdisi sistem?,200,1,0,1107.25,68,11.55,126.35,
2026-03-29T01:01:41,qwen2.5-coder:0.5b,2,bench-qwen2.5-coder_0.5b-r2,17,Bir kullanicidan eksik bilgi istemek icin kibar bir mesaj yaz.,200,1,0,1365.75,84,10.9,142.11,
2026-03-29T01:01:43,qwen2.5-coder:0.5b,2,bench-qwen2.5-coder_0.5b-r2,18,Bir fikri arti ve eksi yonleriyle degerlendir.,200,1,0,1085.86,85,12.25,119.91,
2026-03-29T01:01:44,qwen2.5-coder:0.5b,2,bench-qwen2.5-coder_0.5b-r2,19,Asagidaki metni daha acik yaz: Model secimi performansi etkiler.,200,1,0,849.62,68,15.75,120.86,
2026-03-29T01:01:45,qwen2.5-coder:0.5b,2,bench-qwen2.5-coder_0.5b-r2,20,Bugunku isi bitirirken yarin icin kisa bir not birak.,200,1,0,960.86,85,12.55,140.72,
2026-03-29T01:01:46,qwen2.5-coder:0.5b,3,bench-qwen2.5-coder_0.5b-r3,1,"Merhaba, kisaca kendini tanit.",200,1,0,1023.14,100,13.9,139.83,
2026-03-29T01:01:47,qwen2.5-coder:0.5b,3,bench-qwen2.5-coder_0.5b-r3,2,Bugun icin 3 maddelik bir calisma plani olustur.,200,1,0,1001.33,100,13.25,139.23,
2026-03-29T01:01:48,qwen2.5-coder:0.5b,3,bench-qwen2.5-coder_0.5b-r3,3,Asagidaki metni tek cumlede ozetle: Yapay zeka arastirmasi hizla gelisiyor.,200,1,0,1048.67,100,14.95,140.52,
2026-03-29T01:01:49,qwen2.5-coder:0.5b,3,bench-qwen2.5-coder_0.5b-r3,4,Kisa bir tesekkur e-postasi taslagi yaz.,200,1,0,933.12,103,13.6,140.56,
2026-03-29T01:01:50,qwen2.5-coder:0.5b,3,bench-qwen2.5-coder_0.5b-r3,5,Bir toplanti notu icin aksiyon maddeleri cikar.,200,1,0,955.2,103,13.5,140.45,
2026-03-29T01:01:51,qwen2.5-coder:0.5b,3,bench-qwen2.5-coder_0.5b-r3,6,Bu cumleyi daha resmi yap: yarin goruselim.,200,1,0,952.46,109,15.05,141.77,
2026-03-29T01:01:52,qwen2.5-coder:0.5b,3,bench-qwen2.5-coder_0.5b-r3,7,Asagidaki metni iki madde halinde ozetle: Proje gizlilik odakli ve yerelde calisir.,200,1,0,1030.11,93,15.05,141.05,
2026-03-29T01:01:53,qwen2.5-coder:0.5b,3,bench-qwen2.5-coder_0.5b-r3,8,"Python'da list comprehension nedir, bir ornek ver.",200,1,0,1259.94,116,15.1,139.36,
2026-03-29T01:01:54,qwen2.5-coder:0.5b,3,bench-qwen2.5-coder_0.5b-r3,9,Sana bir gorev verdigimde nasil adim adim ilerlersin?,200,1,0,811.24,59,15.7,142.12,
2026-03-29T01:01:55,qwen2.5-coder:0.5b,3,bench-qwen2.5-coder_0.5b-r3,10,Kisa bir motivasyon mesaji yaz.,200,1,0,1093.39,103,14.65,145.09,
2026-03-29T01:01:58,qwen2.5-coder:0.5b,3,bench-qwen2.5-coder_0.5b-r3,11,Bir e-postayi nazikce reddeden cevap yaz.,200,1,0,1813.58,93,10.7,103.93,
2026-03-29T01:01:59,qwen2.5-coder:0.5b,3,bench-qwen2.5-coder_0.5b-r3,12,Ayni bilgiyi teknik olmayan birine anlat.,200,1,0,1540.18,109,6.65,100.1,
2026-03-29T01:02:01,qwen2.5-coder:0.5b,3,bench-qwen2.5-coder_0.5b-r3,13,"Asagidaki metinden anahtar kelimeleri cikar: yerel model, gizlilik, e-posta, ozet.",200,1,0,1430.29,109,11.85,139.62,
2026-03-29T01:02:02,qwen2.5-coder:0.5b,3,bench-qwen2.5-coder_0.5b-r3,14,Takim ici durum guncellemesi icin 4 satirlik metin yaz.,200,1,0,1214.68,93,12.8,143.15,
2026-03-29T01:02:03,qwen2.5-coder:0.5b,3,bench-qwen2.5-coder_0.5b-r3,15,Haftalik hedefleri takip etmek icin basit bir tablo oner.,200,1,0,1138.27,100,12.35,145.64,
2026-03-29T01:02:05,qwen2.5-coder:0.5b,3,bench-qwen2.5-coder_0.5b-r3,16,Asagidaki soruya tek paragrafla cevap ver: Neden cevrimdisi sistem?,200,1,0,1129.46,100,12.9,147.31,
2026-03-29T01:02:06,qwen2.5-coder:0.5b,3,bench-qwen2.5-coder_0.5b-r3,17,Bir kullanicidan eksik bilgi istemek icin kibar bir mesaj yaz.,200,1,0,1149.73,103,13.3,150.45,
2026-03-29T01:02:07,qwen2.5-coder:0.5b,3,bench-qwen2.5-coder_0.5b-r3,18,Bir fikri arti ve eksi yonleriyle degerlendir.,200,1,0,1140.7,109,14.0,153.84,
2026-03-29T01:02:08,qwen2.5-coder:0.5b,3,bench-qwen2.5-coder_0.5b-r3,19,Asagidaki metni daha acik yaz: Model secimi performansi etkiler.,200,1,0,1088.07,100,13.8,155.84,
2026-03-29T01:02:09,qwen2.5-coder:0.5b,3,bench-qwen2.5-coder_0.5b-r3,20,Bugunku isi bitirirken yarin icin kisa bir not birak.,200,1,0,1125.82,103,13.2,157.73,
2026-03-29T01:02:16,qwen2.5-coder:1.5b,1,bench-qwen2.5-coder_1.5b-r1,1,"Merhaba, kisaca kendini tanit.",200,1,0,6263.54,73,11.15,139.44,
2026-03-29T01:02:19,qwen2.5-coder:1.5b,1,bench-qwen2.5-coder_1.5b-r1,2,Bugun icin 3 maddelik bir calisma plani olustur.,200,1,0,3329.93,102,5.95,149.78,
2026-03-29T01:02:22,qwen2.5-coder:1.5b,1,bench-qwen2.5-coder_1.5b-r1,3,Asagidaki metni tek cumlede ozetle: Yapay zeka arastirmasi hizla gelisiyor.,200,1,0,2745.05,92,5.4,167.34,
2026-03-29T01:02:26,qwen2.5-coder:1.5b,1,bench-qwen2.5-coder_1.5b-r1,4,Kisa bir tesekkur e-postasi taslagi yaz.,200,1,0,3736.31,230,6.4,151.03,
2026-03-29T01:02:28,qwen2.5-coder:1.5b,1,bench-qwen2.5-coder_1.5b-r1,5,Bir toplanti notu icin aksiyon maddeleri cikar.,200,1,0,2218.41,108,6.85,183.71,
2026-03-29T01:02:32,qwen2.5-coder:1.5b,1,bench-qwen2.5-coder_1.5b-r1,6,Bu cumleyi daha resmi yap: yarin goruselim.,200,1,0,4013.25,231,7.0,164.34,
2026-03-29T01:02:34,qwen2.5-coder:1.5b,1,bench-qwen2.5-coder_1.5b-r1,7,Asagidaki metni iki madde halinde ozetle: Proje gizlilik odakli ve yerelde calisir.,200,1,0,2248.75,92,7.3,164.53,
2026-03-29T01:02:36,qwen2.5-coder:1.5b,1,bench-qwen2.5-coder_1.5b-r1,8,"Python'da list comprehension nedir, bir ornek ver.",200,1,0,1510.91,73,8.05,190.09,
2026-03-29T01:02:37,qwen2.5-coder:1.5b,1,bench-qwen2.5-coder_1.5b-r1,9,Sana bir gorev verdigimde nasil adim adim ilerlersin?,200,1,0,1510.75,69,8.45,191.39,
2026-03-29T01:02:41,qwen2.5-coder:1.5b,1,bench-qwen2.5-coder_1.5b-r1,10,Kisa bir motivasyon mesaji yaz.,200,1,0,3832.25,227,7.25,192.71,
2026-03-29T01:02:46,qwen2.5-coder:1.5b,1,bench-qwen2.5-coder_1.5b-r1,11,Bir e-postayi nazikce reddeden cevap yaz.,200,1,0,4430.87,245,7.15,154.8,
2026-03-29T01:02:51,qwen2.5-coder:1.5b,1,bench-qwen2.5-coder_1.5b-r1,12,Ayni bilgiyi teknik olmayan birine anlat.,200,1,0,4745.93,247,7.55,97.8,
2026-03-29T01:02:57,qwen2.5-coder:1.5b,1,bench-qwen2.5-coder_1.5b-r1,13,"Asagidaki metinden anahtar kelimeleri cikar: yerel model, gizlilik, e-posta, ozet.",200,1,0,6608.15,108,5.6,75.7,
2026-03-29T01:03:00,qwen2.5-coder:1.5b,1,bench-qwen2.5-coder_1.5b-r1,14,Takim ici durum guncellemesi icin 4 satirlik metin yaz.,200,1,0,3012.11,92,4.9,114.72,
2026-03-29T01:03:02,qwen2.5-coder:1.5b,1,bench-qwen2.5-coder_1.5b-r1,15,Haftalik hedefleri takip etmek icin basit bir tablo oner.,200,1,0,1928.84,93,6.2,159.88,
2026-03-29T01:03:07,qwen2.5-coder:1.5b,1,bench-qwen2.5-coder_1.5b-r1,16,Asagidaki soruya tek paragrafla cevap ver: Neden cevrimdisi sistem?,200,1,0,4157.87,242,6.55,147.73,
2026-03-29T01:03:11,qwen2.5-coder:1.5b,1,bench-qwen2.5-coder_1.5b-r1,17,Bir kullanicidan eksik bilgi istemek icin kibar bir mesaj yaz.,200,1,0,4213.77,248,6.8,130.48,
2026-03-29T01:03:15,qwen2.5-coder:1.5b,1,bench-qwen2.5-coder_1.5b-r1,18,Bir fikri arti ve eksi yonleriyle degerlendir.,200,1,0,4296.41,275,7.35,135.55,
2026-03-29T01:03:18,qwen2.5-coder:1.5b,1,bench-qwen2.5-coder_1.5b-r1,19,Asagidaki metni daha acik yaz: Model secimi performansi etkiler.,200,1,0,2134.97,109,6.75,109.77,
2026-03-29T01:03:22,qwen2.5-coder:1.5b,1,bench-qwen2.5-coder_1.5b-r1,20,Bugunku isi bitirirken yarin icin kisa bir not birak.,200,1,0,4571.61,263,6.35,74.02,
2026-03-29T01:03:23,qwen2.5-coder:1.5b,2,bench-qwen2.5-coder_1.5b-r2,1,"Merhaba, kisaca kendini tanit.",200,1,0,1021.4,53,7.05,103.27,
2026-03-29T01:03:27,qwen2.5-coder:1.5b,2,bench-qwen2.5-coder_1.5b-r2,2,Bugun icin 3 maddelik bir calisma plani olustur.,200,1,0,3501.27,161,5.65,100.52,
2026-03-29T01:03:31,qwen2.5-coder:1.5b,2,bench-qwen2.5-coder_1.5b-r2,3,Asagidaki metni tek cumlede ozetle: Yapay zeka arastirmasi hizla gelisiyor.,200,1,0,4103.37,94,3.6,69.34,
2026-03-29T01:03:37,qwen2.5-coder:1.5b,2,bench-qwen2.5-coder_1.5b-r2,4,Kisa bir tesekkur e-postasi taslagi yaz.,200,1,0,5424.26,194,5.65,67.18,
2026-03-29T01:03:38,qwen2.5-coder:1.5b,2,bench-qwen2.5-coder_1.5b-r2,5,Bir toplanti notu icin aksiyon maddeleri cikar.,200,1,0,1358.07,70,6.5,100.99,
2026-03-29T01:03:40,qwen2.5-coder:1.5b,2,bench-qwen2.5-coder_1.5b-r2,6,Bu cumleyi daha resmi yap: yarin goruselim.,200,1,0,1982.87,91,7.7,105.62,
2026-03-29T01:03:45,qwen2.5-coder:1.5b,2,bench-qwen2.5-coder_1.5b-r2,7,Asagidaki metni iki madde halinde ozetle: Proje gizlilik odakli ve yerelde calisir.,200,1,0,4901.8,96,6.1,68.89,
2026-03-29T01:03:55,qwen2.5-coder:1.5b,2,bench-qwen2.5-coder_1.5b-r2,8,"Python'da list comprehension nedir, bir ornek ver.",200,1,0,9478.88,548,5.85,97.49,
2026-03-29T01:04:00,qwen2.5-coder:1.5b,2,bench-qwen2.5-coder_1.5b-r2,9,Sana bir gorev verdigimde nasil adim adim ilerlersin?,200,1,0,4331.6,442,9.0,134.59,
2026-03-29T01:04:06,qwen2.5-coder:1.5b,2,bench-qwen2.5-coder_1.5b-r2,10,Kisa bir motivasyon mesaji yaz.,200,1,0,4489.43,194,3.8,83.11,
2026-03-29T01:04:14,qwen2.5-coder:1.5b,2,bench-qwen2.5-coder_1.5b-r2,11,Bir e-postayi nazikce reddeden cevap yaz.,200,1,0,8100.62,240,0.4,48.63,
2026-03-29T01:04:22,qwen2.5-coder:1.5b,2,bench-qwen2.5-coder_1.5b-r2,12,Ayni bilgiyi teknik olmayan birine anlat.,200,1,0,7576.88,328,3.85,92.2,
2026-03-29T01:04:24,qwen2.5-coder:1.5b,2,bench-qwen2.5-coder_1.5b-r2,13,"Asagidaki metinden anahtar kelimeleri cikar: yerel model, gizlilik, e-posta, ozet.",200,1,0,2487.4,93,6.8,134.2,
2026-03-29T01:04:28,qwen2.5-coder:1.5b,2,bench-qwen2.5-coder_1.5b-r2,14,Takim ici durum guncellemesi icin 4 satirlik metin yaz.,200,1,0,3248.25,121,6.05,139.76,
2026-03-29T01:04:33,qwen2.5-coder:1.5b,2,bench-qwen2.5-coder_1.5b-r2,15,Haftalik hedefleri takip etmek icin basit bir tablo oner.,200,1,0,5369.86,269,5.5,143.18,
2026-03-29T01:04:34,qwen2.5-coder:1.5b,2,bench-qwen2.5-coder_1.5b-r2,16,Asagidaki soruya tek paragrafla cevap ver: Neden cevrimdisi sistem?,200,1,0,1200.46,44,6.2,143.42,
2026-03-29T01:04:40,qwen2.5-coder:1.5b,2,bench-qwen2.5-coder_1.5b-r2,17,Bir kullanicidan eksik bilgi istemek icin kibar bir mesaj yaz.,200,1,0,5587.23,242,6.5,148.48,
2026-03-29T01:04:43,qwen2.5-coder:1.5b,2,bench-qwen2.5-coder_1.5b-r2,18,Bir fikri arti ve eksi yonleriyle degerlendir.,200,1,0,2987.09,113,5.0,156.62,
2026-03-29T01:04:44,qwen2.5-coder:1.5b,2,bench-qwen2.5-coder_1.5b-r2,19,Asagidaki metni daha acik yaz: Model secimi performansi etkiler.,200,1,0,1178.3,54,5.65,158.3,
2026-03-29T01:04:49,qwen2.5-coder:1.5b,2,bench-qwen2.5-coder_1.5b-r2,20,Bugunku isi bitirirken yarin icin kisa bir not birak.,200,1,0,4930.7,216,6.0,159.18,
2026-03-29T01:04:51,qwen2.5-coder:1.5b,3,bench-qwen2.5-coder_1.5b-r3,1,"Merhaba, kisaca kendini tanit.",200,1,0,1407.73,73,6.55,160.8,
2026-03-29T01:04:53,qwen2.5-coder:1.5b,3,bench-qwen2.5-coder_1.5b-r3,2,Bugun icin 3 maddelik bir calisma plani olustur.,200,1,0,2521.51,117,6.3,162.95,
2026-03-29T01:04:56,qwen2.5-coder:1.5b,3,bench-qwen2.5-coder_1.5b-r3,3,Asagidaki metni tek cumlede ozetle: Yapay zeka arastirmasi hizla gelisiyor.,200,1,0,2707.05,103,5.45,155.77,
2026-03-29T01:05:00,qwen2.5-coder:1.5b,3,bench-qwen2.5-coder_1.5b-r3,4,Kisa bir tesekkur e-postasi taslagi yaz.,200,1,0,3991.99,212,6.25,146.75,
2026-03-29T01:05:03,qwen2.5-coder:1.5b,3,bench-qwen2.5-coder_1.5b-r3,5,Bir toplanti notu icin aksiyon maddeleri cikar.,200,1,0,2513.39,119,5.65,116.55,
2026-03-29T01:05:04,qwen2.5-coder:1.5b,3,bench-qwen2.5-coder_1.5b-r3,6,Bu cumleyi daha resmi yap: yarin goruselim.,200,1,0,1683.64,73,5.0,109.91,
2026-03-29T01:05:08,qwen2.5-coder:1.5b,3,bench-qwen2.5-coder_1.5b-r3,7,Asagidaki metni iki madde halinde ozetle: Proje gizlilik odakli ve yerelde calisir.,200,1,0,3142.68,103,5.75,134.71,
2026-03-29T01:05:09,qwen2.5-coder:1.5b,3,bench-qwen2.5-coder_1.5b-r3,8,"Python'da list comprehension nedir, bir ornek ver.",200,1,0,1748.18,73,6.3,140.23,
2026-03-29T01:05:13,qwen2.5-coder:1.5b,3,bench-qwen2.5-coder_1.5b-r3,9,Sana bir gorev verdigimde nasil adim adim ilerlersin?,200,1,0,3921.73,217,6.6,141.55,
2026-03-29T01:05:17,qwen2.5-coder:1.5b,3,bench-qwen2.5-coder_1.5b-r3,10,Kisa bir motivasyon mesaji yaz.,200,1,0,3954.5,214,6.2,138.65,
2026-03-29T01:05:22,qwen2.5-coder:1.5b,3,bench-qwen2.5-coder_1.5b-r3,11,Bir e-postayi nazikce reddeden cevap yaz.,200,1,0,4197.17,212,5.95,111.37,
2026-03-29T01:05:26,qwen2.5-coder:1.5b,3,bench-qwen2.5-coder_1.5b-r3,12,Ayni bilgiyi teknik olmayan birine anlat.,200,1,0,4766.65,212,5.2,97.06,
2026-03-29T01:05:28,qwen2.5-coder:1.5b,3,bench-qwen2.5-coder_1.5b-r3,13,"Asagidaki metinden anahtar kelimeleri cikar: yerel model, gizlilik, e-posta, ozet.",200,1,0,2003.53,73,5.95,132.92,
2026-03-29T01:05:30,qwen2.5-coder:1.5b,3,bench-qwen2.5-coder_1.5b-r3,14,Takim ici durum guncellemesi icin 4 satirlik metin yaz.,200,1,0,1716.76,73,6.0,139.77,
2026-03-29T01:05:35,qwen2.5-coder:1.5b,3,bench-qwen2.5-coder_1.5b-r3,15,Haftalik hedefleri takip etmek icin basit bir tablo oner.,200,1,0,4333.9,230,5.55,109.0,
2026-03-29T01:05:37,qwen2.5-coder:1.5b,3,bench-qwen2.5-coder_1.5b-r3,16,Asagidaki soruya tek paragrafla cevap ver: Neden cevrimdisi sistem?,200,1,0,1880.59,73,6.2,105.3,
2026-03-29T01:05:41,qwen2.5-coder:1.5b,3,bench-qwen2.5-coder_1.5b-r3,17,Bir kullanicidan eksik bilgi istemek icin kibar bir mesaj yaz.,200,1,0,4157.62,220,5.9,132.3,
2026-03-29T01:05:43,qwen2.5-coder:1.5b,3,bench-qwen2.5-coder_1.5b-r3,18,Bir fikri arti ve eksi yonleriyle degerlendir.,200,1,0,1642.24,73,6.35,134.78,
2026-03-29T01:05:44,qwen2.5-coder:1.5b,3,bench-qwen2.5-coder_1.5b-r3,19,Asagidaki metni daha acik yaz: Model secimi performansi etkiler.,200,1,0,1577.5,73,6.95,138.98,
2026-03-29T01:05:46,qwen2.5-coder:1.5b,3,bench-qwen2.5-coder_1.5b-r3,20,Bugunku isi bitirirken yarin icin kisa bir not birak.,200,1,0,1634.53,73,6.05,131.67,
2026-03-29T01:05:46,gemma3:4b-it-qat,1,bench-gemma3_4b-it-qat-r1,1,"Merhaba, kisaca kendini tanit.",500,0,1,129.66,0,14.6,114.57,registry.ollama.ai/library/gemma3:4b-it-qat does not support tools (status code: 400)
2026-03-29T01:05:46,gemma3:4b-it-qat,1,bench-gemma3_4b-it-qat-r1,2,Bugun icin 3 maddelik bir calisma plani olustur.,500,0,1,61.61,0,23.8,105.88,registry.ollama.ai/library/gemma3:4b-it-qat does not support tools (status code: 400)
2026-03-29T01:05:46,gemma3:4b-it-qat,1,bench-gemma3_4b-it-qat-r1,3,Asagidaki metni tek cumlede ozetle: Yapay zeka arastirmasi hizla gelisiyor.,500,0,1,73.49,0,40.0,104.57,registry.ollama.ai/library/gemma3:4b-it-qat does not support tools (status code: 400)
2026-03-29T01:05:46,gemma3:4b-it-qat,1,bench-gemma3_4b-it-qat-r1,4,Kisa bir tesekkur e-postasi taslagi yaz.,500,0,1,86.85,0,47.35,104.61,registry.ollama.ai/library/gemma3:4b-it-qat does not support tools (status code: 400)
2026-03-29T01:05:47,gemma3:4b-it-qat,1,bench-gemma3_4b-it-qat-r1,5,Bir toplanti notu icin aksiyon maddeleri cikar.,500,0,1,94.48,0,48.75,104.61,registry.ollama.ai/library/gemma3:4b-it-qat does not support tools (status code: 400)
2026-03-29T01:05:47,gemma3:4b-it-qat,1,bench-gemma3_4b-it-qat-r1,6,Bu cumleyi daha resmi yap: yarin goruselim.,500,0,1,95.27,0,48.65,104.61,registry.ollama.ai/library/gemma3:4b-it-qat does not support tools (status code: 400)
2026-03-29T01:05:47,gemma3:4b-it-qat,1,bench-gemma3_4b-it-qat-r1,7,Asagidaki metni iki madde halinde ozetle: Proje gizlilik odakli ve yerelde calisir.,500,0,1,111.09,0,61.0,103.2,registry.ollama.ai/library/gemma3:4b-it-qat does not support tools (status code: 400)
2026-03-29T01:05:47,gemma3:4b-it-qat,1,bench-gemma3_4b-it-qat-r1,8,"Python'da list comprehension nedir, bir ornek ver.",500,0,1,130.49,0,62.0,101.53,registry.ollama.ai/library/gemma3:4b-it-qat does not support tools (status code: 400)
2026-03-29T01:05:47,gemma3:4b-it-qat,1,bench-gemma3_4b-it-qat-r1,9,Sana bir gorev verdigimde nasil adim adim ilerlersin?,500,0,1,155.31,0,63.2,101.6,registry.ollama.ai/library/gemma3:4b-it-qat does not support tools (status code: 400)
2026-03-29T01:05:48,gemma3:4b-it-qat,1,bench-gemma3_4b-it-qat-r1,10,Kisa bir motivasyon mesaji yaz.,500,0,1,158.07,0,61.85,100.46,registry.ollama.ai/library/gemma3:4b-it-qat does not support tools (status code: 400)
2026-03-29T01:05:48,gemma3:4b-it-qat,1,bench-gemma3_4b-it-qat-r1,11,Bir e-postayi nazikce reddeden cevap yaz.,500,0,1,191.55,0,68.15,99.19,registry.ollama.ai/library/gemma3:4b-it-qat does not support tools (status code: 400)
2026-03-29T01:05:48,gemma3:4b-it-qat,1,bench-gemma3_4b-it-qat-r1,12,Ayni bilgiyi teknik olmayan birine anlat.,500,0,1,158.02,0,68.8,95.2,registry.ollama.ai/library/gemma3:4b-it-qat does not support tools (status code: 400)
2026-03-29T01:05:49,gemma3:4b-it-qat,1,bench-gemma3_4b-it-qat-r1,13,"Asagidaki metinden anahtar kelimeleri cikar: yerel model, gizlilik, e-posta, ozet.",500,0,1,133.47,0,60.05,95.23,registry.ollama.ai/library/gemma3:4b-it-qat does not support tools (status code: 400)
2026-03-29T01:05:49,gemma3:4b-it-qat,1,bench-gemma3_4b-it-qat-r1,14,Takim ici durum guncellemesi icin 4 satirlik metin yaz.,500,0,1,128.12,0,64.95,95.23,registry.ollama.ai/library/gemma3:4b-it-qat does not support tools (status code: 400)
2026-03-29T01:05:49,gemma3:4b-it-qat,1,bench-gemma3_4b-it-qat-r1,15,Haftalik hedefleri takip etmek icin basit bir tablo oner.,500,0,1,110.63,0,59.8,92.59,registry.ollama.ai/library/gemma3:4b-it-qat does not support tools (status code: 400)
2026-03-29T01:05:49,gemma3:4b-it-qat,1,bench-gemma3_4b-it-qat-r1,16,Asagidaki soruya tek paragrafla cevap ver: Neden cevrimdisi sistem?,500,0,1,110.87,0,63.25,92.59,registry.ollama.ai/library/gemma3:4b-it-qat does not support tools (status code: 400)
2026-03-29T01:05:49,gemma3:4b-it-qat,1,bench-gemma3_4b-it-qat-r1,17,Bir kullanicidan eksik bilgi istemek icin kibar bir mesaj yaz.,500,0,1,95.92,0,58.4,92.59,registry.ollama.ai/library/gemma3:4b-it-qat does not support tools (status code: 400)
2026-03-29T01:05:50,gemma3:4b-it-qat,1,bench-gemma3_4b-it-qat-r1,18,Bir fikri arti ve eksi yonleriyle degerlendir.,500,0,1,95.86,0,64.65,92.59,registry.ollama.ai/library/gemma3:4b-it-qat does not support tools (status code: 400)
2026-03-29T01:05:50,gemma3:4b-it-qat,1,bench-gemma3_4b-it-qat-r1,19,Asagidaki metni daha acik yaz: Model secimi performansi etkiler.,500,0,1,95.4,0,62.85,92.6,registry.ollama.ai/library/gemma3:4b-it-qat does not support tools (status code: 400)
2026-03-29T01:05:50,gemma3:4b-it-qat,1,bench-gemma3_4b-it-qat-r1,20,Bugunku isi bitirirken yarin icin kisa bir not birak.,500,0,1,96.52,0,55.5,92.61,registry.ollama.ai/library/gemma3:4b-it-qat does not support tools (status code: 400)
2026-03-29T01:05:50,gemma3:4b-it-qat,2,bench-gemma3_4b-it-qat-r2,1,"Merhaba, kisaca kendini tanit.",500,0,1,96.64,0,66.0,92.61,registry.ollama.ai/library/gemma3:4b-it-qat does not support tools (status code: 400)
2026-03-29T01:05:50,gemma3:4b-it-qat,2,bench-gemma3_4b-it-qat-r2,2,Bugun icin 3 maddelik bir calisma plani olustur.,500,0,1,96.16,0,62.55,92.62,registry.ollama.ai/library/gemma3:4b-it-qat does not support tools (status code: 400)
2026-03-29T01:05:50,gemma3:4b-it-qat,2,bench-gemma3_4b-it-qat-r2,3,Asagidaki metni tek cumlede ozetle: Yapay zeka arastirmasi hizla gelisiyor.,500,0,1,98.51,0,55.65,92.62,registry.ollama.ai/library/gemma3:4b-it-qat does not support tools (status code: 400)
2026-03-29T01:05:51,gemma3:4b-it-qat,2,bench-gemma3_4b-it-qat-r2,4,Kisa bir tesekkur e-postasi taslagi yaz.,500,0,1,95.36,0,64.85,92.62,registry.ollama.ai/library/gemma3:4b-it-qat does not support tools (status code: 400)
2026-03-29T01:05:51,gemma3:4b-it-qat,2,bench-gemma3_4b-it-qat-r2,5,Bir toplanti notu icin aksiyon maddeleri cikar.,500,0,1,96.58,0,59.8,92.62,registry.ollama.ai/library/gemma3:4b-it-qat does not support tools (status code: 400)
2026-03-29T01:05:51,gemma3:4b-it-qat,2,bench-gemma3_4b-it-qat-r2,6,Bu cumleyi daha resmi yap: yarin goruselim.,500,0,1,94.61,0,56.1,92.62,registry.ollama.ai/library/gemma3:4b-it-qat does not support tools (status code: 400)
2026-03-29T01:05:51,gemma3:4b-it-qat,2,bench-gemma3_4b-it-qat-r2,7,Asagidaki metni iki madde halinde ozetle: Proje gizlilik odakli ve yerelde calisir.,500,0,1,84.84,0,66.7,92.62,registry.ollama.ai/library/gemma3:4b-it-qat does not support tools (status code: 400)
2026-03-29T01:05:51,gemma3:4b-it-qat,2,bench-gemma3_4b-it-qat-r2,8,"Python'da list comprehension nedir, bir ornek ver.",500,0,1,86.39,0,63.15,92.62,registry.ollama.ai/library/gemma3:4b-it-qat does not support tools (status code: 400)
2026-03-29T01:05:51,gemma3:4b-it-qat,2,bench-gemma3_4b-it-qat-r2,9,Sana bir gorev verdigimde nasil adim adim ilerlersin?,500,0,1,87.37,0,56.75,92.5,registry.ollama.ai/library/gemma3:4b-it-qat does not support tools (status code: 400)
2026-03-29T01:05:51,gemma3:4b-it-qat,2,bench-gemma3_4b-it-qat-r2,10,Kisa bir motivasyon mesaji yaz.,500,0,1,85.86,0,54.95,92.38,registry.ollama.ai/library/gemma3:4b-it-qat does not support tools (status code: 400)
2026-03-29T01:05:52,gemma3:4b-it-qat,2,bench-gemma3_4b-it-qat-r2,11,Bir e-postayi nazikce reddeden cevap yaz.,500,0,1,85.1,0,64.05,92.38,registry.ollama.ai/library/gemma3:4b-it-qat does not support tools (status code: 400)
2026-03-29T01:05:52,gemma3:4b-it-qat,2,bench-gemma3_4b-it-qat-r2,12,Ayni bilgiyi teknik olmayan birine anlat.,500,0,1,88.53,0,64.25,92.23,registry.ollama.ai/library/gemma3:4b-it-qat does not support tools (status code: 400)
2026-03-29T01:05:52,gemma3:4b-it-qat,2,bench-gemma3_4b-it-qat-r2,13,"Asagidaki metinden anahtar kelimeleri cikar: yerel model, gizlilik, e-posta, ozet.",500,0,1,85.37,0,60.4,92.09,registry.ollama.ai/library/gemma3:4b-it-qat does not support tools (status code: 400)
2026-03-29T01:05:52,gemma3:4b-it-qat,2,bench-gemma3_4b-it-qat-r2,14,Takim ici durum guncellemesi icin 4 satirlik metin yaz.,500,0,1,85.44,0,55.85,92.09,registry.ollama.ai/library/gemma3:4b-it-qat does not support tools (status code: 400)
2026-03-29T01:05:52,gemma3:4b-it-qat,2,bench-gemma3_4b-it-qat-r2,15,Haftalik hedefleri takip etmek icin basit bir tablo oner.,500,0,1,85.58,0,57.9,92.09,registry.ollama.ai/library/gemma3:4b-it-qat does not support tools (status code: 400)
2026-03-29T01:05:52,gemma3:4b-it-qat,2,bench-gemma3_4b-it-qat-r2,16,Asagidaki soruya tek paragrafla cevap ver: Neden cevrimdisi sistem?,500,0,1,85.39,0,64.4,92.09,registry.ollama.ai/library/gemma3:4b-it-qat does not support tools (status code: 400)
2026-03-29T01:05:53,gemma3:4b-it-qat,2,bench-gemma3_4b-it-qat-r2,17,Bir kullanicidan eksik bilgi istemek icin kibar bir mesaj yaz.,500,0,1,75.92,0,61.95,92.09,registry.ollama.ai/library/gemma3:4b-it-qat does not support tools (status code: 400)
2026-03-29T01:05:53,gemma3:4b-it-qat,2,bench-gemma3_4b-it-qat-r2,18,Bir fikri arti ve eksi yonleriyle degerlendir.,500,0,1,82.87,0,57.85,92.2,registry.ollama.ai/library/gemma3:4b-it-qat does not support tools (status code: 400)
2026-03-29T01:05:53,gemma3:4b-it-qat,2,bench-gemma3_4b-it-qat-r2,19,Asagidaki metni daha acik yaz: Model secimi performansi etkiler.,500,0,1,82.4,0,56.25,92.31,registry.ollama.ai/library/gemma3:4b-it-qat does not support tools (status code: 400)
2026-03-29T01:05:53,gemma3:4b-it-qat,2,bench-gemma3_4b-it-qat-r2,20,Bugunku isi bitirirken yarin icin kisa bir not birak.,500,0,1,88.85,0,55.75,92.31,registry.ollama.ai/library/gemma3:4b-it-qat does not support tools (status code: 400)
2026-03-29T01:05:53,gemma3:4b-it-qat,3,bench-gemma3_4b-it-qat-r3,1,"Merhaba, kisaca kendini tanit.",500,0,1,89.87,0,65.1,92.31,registry.ollama.ai/library/gemma3:4b-it-qat does not support tools (status code: 400)
2026-03-29T01:05:53,gemma3:4b-it-qat,3,bench-gemma3_4b-it-qat-r3,2,Bugun icin 3 maddelik bir calisma plani olustur.,500,0,1,84.52,0,62.9,92.31,registry.ollama.ai/library/gemma3:4b-it-qat does not support tools (status code: 400)
2026-03-29T01:05:54,gemma3:4b-it-qat,3,bench-gemma3_4b-it-qat-r3,3,Asagidaki metni tek cumlede ozetle: Yapay zeka arastirmasi hizla gelisiyor.,500,0,1,197.51,0,49.3,92.23,registry.ollama.ai/library/gemma3:4b-it-qat does not support tools (status code: 400)
2026-03-29T01:05:54,gemma3:4b-it-qat,3,bench-gemma3_4b-it-qat-r3,4,Kisa bir tesekkur e-postasi taslagi yaz.,500,0,1,75.6,0,40.85,92.17,registry.ollama.ai/library/gemma3:4b-it-qat does not support tools (status code: 400)
2026-03-29T01:05:54,gemma3:4b-it-qat,3,bench-gemma3_4b-it-qat-r3,5,Bir toplanti notu icin aksiyon maddeleri cikar.,500,0,1,75.47,0,46.45,92.17,registry.ollama.ai/library/gemma3:4b-it-qat does not support tools (status code: 400)
2026-03-29T01:05:54,gemma3:4b-it-qat,3,bench-gemma3_4b-it-qat-r3,6,Bu cumleyi daha resmi yap: yarin goruselim.,500,0,1,76.84,0,51.75,92.17,registry.ollama.ai/library/gemma3:4b-it-qat does not support tools (status code: 400)
2026-03-29T01:05:54,gemma3:4b-it-qat,3,bench-gemma3_4b-it-qat-r3,7,Asagidaki metni iki madde halinde ozetle: Proje gizlilik odakli ve yerelde calisir.,500,0,1,74.86,0,55.5,92.17,registry.ollama.ai/library/gemma3:4b-it-qat does not support tools (status code: 400)
2026-03-29T01:05:54,gemma3:4b-it-qat,3,bench-gemma3_4b-it-qat-r3,8,"Python'da list comprehension nedir, bir ornek ver.",500,0,1,74.5,0,60.1,92.17,registry.ollama.ai/library/gemma3:4b-it-qat does not support tools (status code: 400)
2026-03-29T01:05:54,gemma3:4b-it-qat,3,bench-gemma3_4b-it-qat-r3,9,Sana bir gorev verdigimde nasil adim adim ilerlersin?,500,0,1,75.75,0,61.6,92.17,registry.ollama.ai/library/gemma3:4b-it-qat does not support tools (status code: 400)
2026-03-29T01:05:54,gemma3:4b-it-qat,3,bench-gemma3_4b-it-qat-r3,10,Kisa bir motivasyon mesaji yaz.,500,0,1,76.71,0,62.3,92.17,registry.ollama.ai/library/gemma3:4b-it-qat does not support tools (status code: 400)
2026-03-29T01:05:55,gemma3:4b-it-qat,3,bench-gemma3_4b-it-qat-r3,11,Bir e-postayi nazikce reddeden cevap yaz.,500,0,1,73.62,0,63.4,92.17,registry.ollama.ai/library/gemma3:4b-it-qat does not support tools (status code: 400)
2026-03-29T01:05:55,gemma3:4b-it-qat,3,bench-gemma3_4b-it-qat-r3,12,Ayni bilgiyi teknik olmayan birine anlat.,500,0,1,75.91,0,63.4,92.17,registry.ollama.ai/library/gemma3:4b-it-qat does not support tools (status code: 400)
2026-03-29T01:05:55,gemma3:4b-it-qat,3,bench-gemma3_4b-it-qat-r3,13,"Asagidaki metinden anahtar kelimeleri cikar: yerel model, gizlilik, e-posta, ozet.",500,0,1,74.84,0,63.45,92.17,registry.ollama.ai/library/gemma3:4b-it-qat does not support tools (status code: 400)
2026-03-29T01:05:55,gemma3:4b-it-qat,3,bench-gemma3_4b-it-qat-r3,14,Takim ici durum guncellemesi icin 4 satirlik metin yaz.,500,0,1,77.28,0,61.4,92.17,registry.ollama.ai/library/gemma3:4b-it-qat does not support tools (status code: 400)
2026-03-29T01:05:55,gemma3:4b-it-qat,3,bench-gemma3_4b-it-qat-r3,15,Haftalik hedefleri takip etmek icin basit bir tablo oner.,500,0,1,75.21,0,58.55,92.17,registry.ollama.ai/library/gemma3:4b-it-qat does not support tools (status code: 400)
2026-03-29T01:05:55,gemma3:4b-it-qat,3,bench-gemma3_4b-it-qat-r3,16,Asagidaki soruya tek paragrafla cevap ver: Neden cevrimdisi sistem?,500,0,1,76.23,0,57.45,92.17,registry.ollama.ai/library/gemma3:4b-it-qat does not support tools (status code: 400)
2026-03-29T01:05:55,gemma3:4b-it-qat,3,bench-gemma3_4b-it-qat-r3,17,Bir kullanicidan eksik bilgi istemek icin kibar bir mesaj yaz.,500,0,1,74.74,0,57.0,92.17,registry.ollama.ai/library/gemma3:4b-it-qat does not support tools (status code: 400)
2026-03-29T01:05:56,gemma3:4b-it-qat,3,bench-gemma3_4b-it-qat-r3,18,Bir fikri arti ve eksi yonleriyle degerlendir.,500,0,1,76.27,0,55.85,92.17,registry.ollama.ai/library/gemma3:4b-it-qat does not support tools (status code: 400)
2026-03-29T01:05:56,gemma3:4b-it-qat,3,bench-gemma3_4b-it-qat-r3,19,Asagidaki metni daha acik yaz: Model secimi performansi etkiler.,500,0,1,74.75,0,55.75,92.17,registry.ollama.ai/library/gemma3:4b-it-qat does not support tools (status code: 400)
2026-03-29T01:05:56,gemma3:4b-it-qat,3,bench-gemma3_4b-it-qat-r3,20,Bugunku isi bitirirken yarin icin kisa bir not birak.,500,0,1,87.69,0,56.3,92.17,registry.ollama.ai/library/gemma3:4b-it-qat does not support tools (status code: 400)
